reaction_id,flux_mmol_gDCW_h,sd_flux,min_flux,max_flux,CV,flux_mmol_gDCW_h_FBA
R_ATPS4m,89.53165967013342,0.5280762539827475,0,179.87751330926557,0.0058982069128213285,89.72801340252124
R_FORt,61.0854805290128,0.022516912393382882,0,122.22342123611556,3.686131663102557e-4,61.11231805344341
R_FDH,60.81933280257316,2.0553009713658374,-122.05435329847505,122.05435329847505,0.0337935468321823,61.027176649237525
R_CYTCOBO3,37.305168775763676,0.2926694756659515,0,75.81344256601277,0.007845279495320021,36.924052856266265
R_NADH16,36.54640353876195,1.9455639863125505,-73.83912170572407,73.83912170572407,0.053235443105887036,36.919560852862034
R_PGK,21.065244271727096,0.4329859016885692,0,44.60859025936925,0.020554516059882823,21.650227710002152
R_O2t,18.879746350038104,0.1919061057544386,0,38.044550285918,0.010164654873875002,18.492018375614194
R_PRUK,12.201434661716796,0.276701528777002,0,26.00003322992304,0.02267778637910346,12.591458237023142
R_RBPC,12.201434661716796,0.276701528777002,0,26.00003322992304,0.02267778637910346,12.591458237023142
R_FBP,8.405881393668933,0.1739212945371308,0,17.81078417444854,0.020690429283016447,8.641518083998564
R_PIt2r,7.227686602710788,0.023320231245433674,0,14.51129853155043,0.003226513894042843,7.632667907084121
R_RPI,3.9347757983960987,0.09770271016073812,0,8.438907093476189,0.024830566000879618,4.0783027764569155
R_ALCDgl,237.18653331079219,112.86946960301833,-8.081801425089948,8.081801425089948,0.47586795096466245,4.040900712544974
R_ALCD19,-237.18568960413435,112.86950336003314,-8.079764810289996,8.079764810289996,0.47586978602466967,-4.039882405144998
R_ENO,3.030292367900376,0.13137388234331432,0,6.832953518262709,0.04335353371672861,3.2333970409840607
R_GLNS,3.086459745381454,0.15025990154233929,0,6.534543051086538,0.04868357728209047,2.707244653337426
R_NH4t,2.8192830553566934,0.040783957013342594,0,5.858819328033176,0.014466073896288019,2.9030920213137312
R_GLUS,2.397107436438323,0.10068667709887058,0,5.176465191932701,0.04200340609199943,2.150336289558795
R_PYK,1.525064052450271,0.12478194616117466,0,3.6705223319966205,0.08182079038627364,1.7468607202917623
R_PPC,1.2852688796804213,0.07718044694371932,0,2.965957274398033,0.06005003946171173,1.2080571923164833
R_PPA,0.857624523105212,0.13481110152687237,0,2.219093094217139,0.15719128580740685,0.5789997726153786
R_PDH1,0.9858883306519375,0.03371652165864823,0,2.1488959472841964,0.03419912845134554,1.1736787954964938
R_PDH2,0.9858883306519375,0.03371652165864823,0,2.1488959472841964,0.03419912845134554,1.1736787954964938
R_PDH3,0.9858883306519375,0.03371652165864823,0,2.1488959472841964,0.03419912845134554,1.1736787954964938
R_NAt3_2,0.10221952582405247,0.3889922559563288,0,2.0368169568826757,3.805459405337978,0
R_NADHDH,0.06269440963180448,0.26051779192365115,0,1.6002650567363061,4.15535920114147,0
R_HCO3E,0.4844737947636957,0.06941009219534401,0,1.432733519967837,0.14326903321819315,0.4248252567919561
R_NAt3_15,0.20150506326306952,0.19771871626934445,0,1.2643797689749223,0.9812096682216769,0
R_CS,0.48597668970462427,0.050172122139612606,0,1.2460125410146499,0.10323977096536693,0.4781017313099418
R_ACONT1,0.4599057461393842,0.05565173760429843,0,1.2459889213485802,0.12100683253353393,0.4781017313099418
R_ACONT2,0.4599057461393842,0.05565173760429843,0,1.2459889213485802,0.12100683253353393,0.4781017313099418
R_ICDHx,0.04599965736620969,0.18008057949914283,0,1.1613800632437257,3.9148243663098667,0
R_ALAabc,0.03210931188869279,0.17231881683748046,0,1.1493181702490585,5.366630634590525,0
R_FUMt2_2,0.03212239683652854,0.10768062884771863,0,1.1014699549682578,3.3521978261991876,0
R_ACCOAC,0.30957164686773564,0.04888353895240054,0,1.100663139695449,0.15790702878318186,0.2980649339190976
R_XANt2,0.10991239231335029,0.12988306018794163,0,0.9629379659748745,1.181696235103834,0
R_ICDHyr,0.40900667155660553,0.12628957796638035,0,0.9264316305034561,0.3087714376045384,0.4781017313099418
R_GUAt2,0.0947808494620272,0.09455774838891329,0,0.882497999692293,0.9976461376493224,0
R_GART,0.1297912533819802,0.0506083348019292,0,0.8522020654120623,0.3899209960858233,0.09660042964658654
R_PGLCED,0.33341684803228766,0.02860079640044598,0,0.8085910459605865,0.08578089730389483,0.2992917230600708
R_PSERT,0.33341684803228766,0.02860079640044598,0,0.8085910459605865,0.08578089730389483,0.2992917230600708
R_PSP_L,0.33341684803228766,0.02860079640044598,0,0.8085910459605865,0.08578089730389483,0.2992917230600708
R_ADK1,-164.29727573265941,306.22508291139997,-0.8073882645626631,0.8073882645626631,1.8638475990903347,0.40369413228133155
R_P5CR1,0.1976466282468779,0.0487630201659679,0,0.7596961705947082,0.24671819903276382,0.18483846984949207
R_THRabc,0.02849697649865704,0.056532095154661115,0,0.7091743876780053,1.9837927422695272,0
R_ADNK,0.17591650114534912,0.07357852343869539,0,0.7036193278740934,0.41825822455337447,0.003435253879437724
R_LYSt,0.027008914049514457,0.053113796767310026,0,0.6962783174388378,1.9665284087297417,0
R_SUCD4,0.07122212872686828,0.07002853423373244,0,0.6958881884918805,0.9832412409672113,0
R_SUCCt2_2,0.0473835973502665,0.08204918547989407,0,0.6929560641509022,1.731594688207703,0
R_FTHFD,0.019778071350015324,0.048476577927123676,0,0.6494738859933403,2.4510265469886736,0
R_P5CD3,0.08972483639769031,0.08969183138881968,0,0.6488534246990227,0.9996321530337002,0
R_LYStr,-0.006801226214408727,0.07007262941170858,-0.3519348295792184,0.6427430410563328,10.302940558462284,0
R_ASPt2_2,0.10819219955198685,0.07671370834658221,0,0.6162324974363044,0.7090502703914521,0
R_G5SADs,0.19925177744366734,0.03329323657879002,0,0.6108885804369698,0.16709129025563005,0.18483846984949207
R_G5SD,0.19925177744366734,0.03329323657879002,0,0.6108885804369698,0.16709129025563005,0.18483846984949207
R_GLU5K,0.19925177744366734,0.03329323657879002,0,0.6108885804369698,0.16709129025563005,0.18483846984949207
R_ASP4DC,0.19123764322183728,0.06982892887792864,0,0.6084914784962403,0.3651421744249719,0.27016908565793807
R_MCOATA,0.2824333091445359,7.949727088935141e-5,0,0.5654602573804923,2.814727169757038e-4,0.2973113373680598
R_CNITRT,0.032365664238966724,0.091377766672369,0,0.5613983961465974,2.8232934135908914,0
R_NO3R1,0.032365664238966724,0.091377766672369,0,0.5613983961465974,2.8232934135908914,0
R_FUM,0.20494453027309167,0.027962101467763876,0,0.559828396096517,0.13643741275019125,0.15364091184027245
R_NTP1,0.0421184176427571,0.06303385950600948,0,0.5539939630289112,1.49658660115521,0
R_P5CR2,0.016959003348758092,0.08392366616169496,0,0.54842862457491,4.948620177484704,0
R_ASPK,0.2672365517423956,0.0018847808046114746,0,0.5469427436055073,0.0070528555780360516,0.2792479709107378
R_MCDC,0.02565092008882055,0.048889247977712644,0,0.5336821055998971,1.9059451983954394,0
R_MDH,0.13187138426234762,0.05363063005898957,-0.005653581675167718,0.525120222654042,0.4066889140429109,0.15364091184027245
R_HISabc,0.013159990277005418,0.04531313966382558,0,0.5048157278228417,3.4432502387939965,0
R_CYTK1,0.07303209899249781,0.03846198333260889,0,0.4972885500923763,0.5266449118018623,0.03585696188221357
R_HXPRT,0.06461527387120442,0.051316933446235405,0,0.4971884922053569,0.794191997832027,0
R_PTRCORNt7,0.0862501541014678,0.06860542652299731,0,0.4839738456765474,0.7954238138784935,0
R_NDPK3,0.06657975743929126,0.03825602610908088,0,0.4824601604857762,0.5745894485116363,0.029544273919951583
R_ASP1DC,0.12575041834436515,0.045714622348596384,0,0.4821067875117846,0.3635345547989173,0.0011859805059963782
R_PUNP5,0.04766949351049084,0.04843372848401468,0,0.4754482151675621,1.0160319507769817,0
R_CDS,0.06120967302383981,0.03915325939116595,0,0.47367733906141174,0.6396580386226965,0.021435438929297845
R_ACALD,0.008211141379693015,0.08849046620324326,-0.20073703570843793,0.4672537427371131,10.776877672827453,0
R_PAAD7,0.04031625312403591,0.06894251676938022,0,0.4672189382586067,1.7100427601065384,0
R_PRPPS,0.14849512249610253,0.024929808452526216,0,0.4451677319433504,0.1678830121385336,0.11696930403807267
R_NDPK2,0.14907731663306123,0.01601055993614435,0,0.4423267071025205,0.10739769334292974,0.14915245274366007
R_ASPt2_3,0.1057886219847334,0.05978443333549058,0,0.4351237959295311,0.5651310340739499,0
R_ACLS,0.21541336621660767,7.333906316168803e-4,0,0.43395338967459274,0.0034045734695934493,0.22532811696340455
R_DHADT1,0.21541336621660767,7.333906316168803e-4,0,0.43395338967459274,0.0034045734695934493,0.22532811696340455
R_SUCCabc,0.027154771376330746,0.04917962551402049,0,0.42366253269613785,1.8110859720545298,0
R_PROD2,0.03768001314312425,0.05035698700403718,0,0.4232179130073286,1.3364376178097537,0
R_LYSabc,0.027463180172182012,0.04785144195210208,0,0.41913723082519383,1.7423853192563523,0
R_THD2,0.03946931892570926,0.05615512296268447,0,0.41580562111945024,1.4227537867674356,0
R_NTD11,0.03493945237863132,0.04619756033486263,0,0.409882663706532,1.3222176419432572,0
R_Kabc,0.028089794241722664,0.04250331092537934,0,0.4069845062244061,1.5131229000690871,0
R_ASNabc,0.0321846347358102,0.04071470787329453,0,0.4052384625261701,1.2650355738849928,0
R_HSK,589.0755888565238,192.985400859043,-0.3967445591553792,0.3967445591553792,0.32760719423742213,0.1983722795776896
R_THRS,589.0755888565238,192.985400859043,-0.3967445591553792,0.3967445591553792,0.32760719423742213,0.1983722795776896
R_GLYBabc,0.018476020747490107,0.047795243185544484,0,0.39654229119549383,2.586879709584504,0
R_GF6PTA,0.11349039372923503,0.023734486705081773,0,0.3965048768253762,0.2091321205714329,0.10910339057174535
R_ORNabc,0.04941348725697392,0.04602846629773565,0,0.39578819450531166,0.9314960115720121,0
R_VALabc,0.025853500787798044,0.03464864512081392,0,0.3939645473850666,1.3401916206708409,0
R_TDP,0.020438034924103038,0.05539815316222274,0,0.39003382316860563,2.710542053966766,0
R_TMPK,0.020438034924103038,0.05539815316222274,0,0.39003382316860563,2.710542053966766,0
R_P5CR,0.038867001029718976,0.03725888673016445,0,0.3827927618650497,0.9586252024352249,0
R_CYTBD,0.037284053027229286,0.04367664608378507,0,0.3770228131571921,1.171456495137134,0
R_PUNP3,0.06527836983100391,0.035238784579797205,0,0.37474455718056904,0.5398232932443815,0
R_CHLabc,0.03840238090665529,0.04298960192844481,0,0.37047467139391277,1.1194514744525783,0
R_GCLDH,0.04061737934282575,0.04774980014729063,0,0.37025570641470584,1.1756002213797352,0
R_CTPS2,0.046267638395993516,0.04853390316330324,0,0.3584925407221911,1.0489816391299966,0.025233848218847554
R_ALAR,0.07360574603469625,0.03269313912641722,0,0.35397021753049573,0.44416558336364587,0.03271670361369262
R_PTRCabc,0.029768139549324724,0.036427264337208734,0,0.3510473804305356,1.2236997302720274,0
R_ILEabc,0.00640081800038245,0.05049226637411125,0,0.34375319667994925,7.888408383287,0
R_GHMT3,0.16204277553971352,0.004533929497268618,0,0.3432461023640899,0.027979831141299108,0.14729632509197924
R_GLYCTO1,0.023835077804723583,0.04595282587793437,0,0.3415125585097499,1.9279494807786002,0.0020366147999523894
R_GLUDC,6.634043030873375e-4,0.05593902016536237,0,0.3369898577090804,84.32115966844727,0
R_AACOAS,0.024827328365878518,0.03553586102704494,0,0.3264687059004918,1.4313203782281991,0
R_NTP3,0.011848927316316921,0.05373176609891509,0,0.32534148371465377,4.53473674574087,0
R_ASPabc,0.0414402981429101,0.0481622547930812,0,0.32161876078407037,1.1622082116057637,0
R_XPPT,0.03442926961101708,0.03080844353769449,0,0.3214557679152241,0.8948329106533252,0
R_L_LACD2,0.037356200990740364,0.03775431966238929,0,0.3115293754580584,1.010657365071668,0
R_ME1,0.055500142749193696,0.0535822107839903,0,0.3097744135306066,0.9654427561768523,0
R_NTD10,0.026320298231721273,0.02793869297859887,0,0.30888646519663515,1.0614884653900731,0
R_ARGabc,0.01480652591875039,0.04196184314165041,0,0.3074848032527913,2.8340100420525802,0
R_DCTPDA2,0.02001996562039593,0.04827173582852158,0,0.3053902488177425,2.411179756439908,0
R_PUNP7,0.025881207500597678,0.027789185161581898,-5.4901322122877436e-6,0.30345335094112935,1.0737205812727308,0
R_NTD9,0.04811030157505193,0.032319516336816685,0,0.30238225029667826,0.6717795415686251,0
R_LEUabc,0.023549085317407355,0.030964582610823712,0,0.30215925208125227,1.3148953427900174,0
R_ADSS,0.07584026989175927,0.0221574476730825,0,0.30131519140310503,0.2921593990198881,0.040907875641779404
R_ADSUCL1,0.07584026989175927,0.0221574476730825,0,0.30131519140310503,0.2921593990198881,0.040907875641779404
R_GLUK,0.008986918595825389,0.029971305825586884,0,0.3002002864087808,3.3349924677752374,0
R_ACGK,0.09363576213602276,0.01614796313827538,0,0.29955822409514,0.17245508307838156,0.08453996213778173
R_CHORS,0.13298273651157475,0.006883041665776246,0,0.29874566975596134,0.051758911316862166,0.1278159818427937
R_DHQND,0.13298273651157475,0.006883041665776246,0,0.29874566975596134,0.051758911316862166,0.1278159818427937
R_DHQS,0.13298273651157475,0.006883041665776246,0,0.29874566975596134,0.051758911316862166,0.1278159818427937
R_DPHS,0.13298273651157475,0.006883041665776246,0,0.29874566975596134,0.051758911316862166,0.1278159818427937
R_PSCIT,0.13298273651157475,0.006883041665776246,0,0.29874566975596134,0.051758911316862166,0.1278159818427937
R_SHKK,0.13298273651157475,0.006883041665776246,0,0.29874566975596134,0.051758911316862166,0.1278159818427937
R_SKDH,0.13298273651157475,0.006883041665776246,0,0.29874566975596134,0.051758911316862166,0.1278159818427937
R_LDHm,0.018627283703597924,0.03735324383381612,0,0.2961451624257921,2.0052974136320914,0
R_ACS,0.01829753980613566,0.0401283866548556,0,0.2951381694151615,2.1931028477063057,0
R_GACT_h,0.07065892584222769,0.03654950404799418,-0.019883662307110056,0.29407864272865597,0.5172666243130349,0.08453996213778173
R_ARBabc,0.04575663266797265,0.03695105214295033,0,0.29244250863093585,0.807556194335389,0
R_GDH1,0.02774789931404971,0.03200137012681719,0,0.28565152900020946,1.1532898315878566,0
R_GLYAMT,-523.1245517879795,192.87860427135843,-0.2826870417389356,0.2826870417389356,0.3687049357789107,-0.1413435208694678
R_NODOX2,0.005121187572816089,0.047463898743639966,0,0.2796789509568892,9.26814299784377,0
R_FORTF,0.028782150620491352,0.039265182350706015,0,0.27916452126318364,1.3642198899046587,0
R_THFAT,0.028782150620491352,0.039265182350706015,0,0.27916452126318364,1.3642198899046587,0
R_NADH5,0.02492991337026446,0.03424768354430918,0,0.26572522154108047,1.373758626259754,0
R_PGRPP,0.014594856299660883,0.019380440504741834,0,0.263044716889416,1.327895260276879,0.00405605333050753
R_PPGS,0.014594856299660883,0.019380440504741834,0,0.263044716889416,1.327895260276879,0.00405605333050753
R_CBPS,0.12540428215019211,0.002382544104244568,0,0.26273454308404043,0.01899890548706369,0.1267603228728585
R_DAGK,0.013075446726384481,0.019359229590768266,0,0.2597907272836387,1.4805788280796526,0.0025955251533529484
R_PC,0.04566441614079044,0.0348558914975069,0,0.25976379615398637,0.7633053139241024,0
R_ACYP,0.015494072749840144,0.031011166183583638,0,0.25606565750422344,2.0014857735777434,0
R_PPLCg,0.010609452697358551,0.01935916725023408,0,0.2548582499712091,1.824709323135392,0
R_ALDD2x,0.015207869207995196,0.03232009432229748,0,0.2531090982135931,2.125221744102449,0
R_MSDHA,0.08292051062477865,0.034547091698125136,0,0.25146687123768896,0.41662902746044633,0
R_CHORM,0.12095620690280012,0.0018252509679806978,0,0.25074809677930565,0.0150901802786149,0.12429620981235387
R_FUMt2_3,0.04794992361143928,0.02549526905893276,0,0.24088771889594018,0.5317061454681947,0
R_BTPT2,0.04020849386788427,0.03814955254146769,0,0.240226478894144,0.9487933735299369,0
R_CDPDGP,0.013700803668717976,0.024675768651383934,0,0.2388903715589379,1.8010453436190956,0
R_PIabc,0.02636659923889128,0.023611134441120094,0,0.23784107440872684,0.8954941146256429,0
R_ALAAPT,0.013251601915705472,0.020726857951375265,0,0.230047819452634,1.5641020672987698,0
R_GGLUCYSS,0.013251601915705472,0.020726857951375265,0,0.230047819452634,1.5641020672987698,0
R_GTHHR,0.013251601915705472,0.020726857951375265,0,0.230047819452634,1.5641020672987698,0
R_GTHS,0.013251601915705472,0.020726857951375265,0,0.230047819452634,1.5641020672987698,0
R_ASNS,0.07251964023453347,0.011642117255067367,0,0.22235394072328568,0.16053743809836846,0.06841062725623127
R_LEUTA,0.027473369274314013,0.0285158547889548,0,0.21873060552583556,1.037945310028481,0
R_NTD7,0.015528452425198819,0.02618969122976149,0,0.21474330079509954,1.686561578233136,0
R_G1PACT,0.10366668504454526,2.9794075320919992e-5,0,0.20757987177457818,2.8740260487848695e-4,0.10910339057174535
R_UAGDP,0.10366668504454526,2.9794075320919992e-5,0,0.20757987177457818,2.8740260487848695e-4,0.10910339057174535
R_AADT2,0.02713114585938004,0.033098591979881124,0,0.20756120690815572,1.2199481787990152,0
R_RBFK,0.01673425358143273,0.023371558762173183,0,0.20634733387718177,1.3966298914045852,0.003140803546914491
R_ACGS,0.01808751700300583,0.03334386210174725,0,0.20427968034673863,1.8434737115219344,0
R_ACODA,0.01808751700300583,0.03334386210174725,0,0.20427968034673863,1.8434737115219344,0
R_SADT,0.06657600842059613,0.011010392508693973,0,0.20361606160790233,0.1653807846084051,0.05540301117782066
R_ACP1p,0.013750416036878148,0.02337142515009398,0,0.20037764404740965,1.6996885830517865,0
R_SUCCt_3,0.02026819465879874,0.03356514875520476,0,0.19716739889720603,1.6560502462232671,0
R_APPS2,0.02505153052135293,0.02830169814909195,0,0.19649319032183493,1.1297392837922102,0
R_EDA,0.008941340307798874,0.019050165026232913,0,0.1905119993737815,2.1305715217680343,0
R_EDD,0.008941340307798874,0.019050165026232913,0,0.1905119993737815,2.1305715217680343,0
R_G6PDH2r,0.008941340307798874,0.019050165026232913,0,0.1905119993737815,2.1305715217680343,0
R_PGL,0.008941340307798874,0.019050165026232913,0,0.1905119993737815,2.1305715217680343,0
R_ME2,0.020013075917639095,0.016983109386783983,0,0.19003897748564227,0.8486006577237553,0
R_G6PDA,0.009837488999740504,0.02372696404477893,0,0.18908794000538623,2.411892307620858,0
R_CAT,0.06609999910417069,0.019698934674860613,0,0.18887647067855962,0.29801717007311845,0.024238715150597723
R_PRAZCFT,0.07468388148266752,0.007079668524057013,0,0.18760499389771373,0.09479513361527744,0.06726227095939595
R_IPMD,0.09262494240396879,3.613866171147534e-4,0,0.1869640254252719,0.003901612327472483,0.09677600928930277
R_IPPS,0.09262494240396879,3.613866171147534e-4,0,0.1869640254252719,0.003901612327472483,0.09677600928930277
R_OMCDC,0.09262494240396879,3.613866171147534e-4,0,0.1869640254252719,0.003901612327472483,0.09677600928930277
R_PPCK,0.029410744899972606,0.021708963976767106,0,0.17423876588062548,0.7381303687002951,0
R_AMPN,0.013951899342617462,0.021065348880554766,0,0.1720890780228812,1.5098552794319957,0
R_SERD_L,0.00942282366907608,0.01393249607563462,0,0.16991422168123696,1.4785903424425133,0
R_ARGSL,0.08153668650512606,0.001195567946213045,0,0.16887985942086978,0.014662944957149832,0.08453996213778173
R_ARGSS,0.08153668650512606,0.001195567946213045,0,0.16887985942086978,0.014662944957149832,0.08453996213778173
R_OCT,0.08153668650512606,0.001195567946213045,0,0.16887985942086978,0.014662944957149832,0.08453996213778173
R_TRDR,0.0789405651671701,4.4830935281704097e-4,0,0.16211823210529397,0.005679074527369667,0.08275308484208056
R_GLUDy,0.01639052220588022,0.016668920579258804,0,0.16132314623200245,1.0169853266346027,0
R_DADH,0.015273446649531173,0.019193759236777803,0,0.15545834789222282,1.2566750437673455,0
R_GALUi,0.006960467730377349,0.014985799684737705,0,0.15503680660110292,2.1529874521701546,0.0025955251533529484
R_GMPS,0.028876866595399096,0.006542444013885369,0,0.15413673179585122,0.2265635016968138,0.02635439531761655
R_LAAO4,0.004625096541834941,0.013023368399868174,0,0.15408377493067565,2.815804660955539,0
R_PPNDH,0.07619220780181364,2.704675134994172e-4,0,0.15403617971022138,0.0035498054368360106,0.07971970113869768
R_AACOAR,-600.8687445844275,139.91716386108433,-0.15178926,0.15178926,0.23285811605636728,-0.07589463
R_PHAS,0.07589462999999985,7.037717747611758e-17,0,0.15178926,9.273011473422786e-16,0.07589463
R_PHBt,0.07589462999999985,7.037717747611758e-17,0,0.15178926,9.273011473422786e-16,0.07589463
R_ACACT1r,0.0740040571186712,0.0017426616756565615,0,0.1517890565182221,0.023548191052040153,0.07589463
R_GK1,0.034562626798628565,0.014349430935418106,0,0.15170416447395363,0.4151718854883879,0.02635439531761655
R_GLUabc,0.05671878736878918,0.02398877424059081,0,0.15126620008899008,0.4229422974897941,0
R_TRE6PP,0.0044934592979126945,0.014985652912793442,0,0.1501001432043904,3.3349924677752374,0
R_TRE6PS,0.0044934592979126945,0.014985652912793442,0,0.1501001432043904,3.3349924677752374,0
R_TREH,0.0044934592979126945,0.014985652912793442,0,0.1501001432043904,3.3349924677752374,0
R_G3PD5,0.015886564825752132,0.016655590499959655,0,0.14830952209199874,1.0484072977791228,0
R_ALADH,0.00859117042789943,0.015328674079091413,0,0.1476660101459772,1.7842358276716581,0
R_DAAD,0.010040149278173349,0.017211940928481217,0,0.14646557284334422,1.7143112568952428,0
R_DATA3,0.010040149278173349,0.017211940928481217,0,0.14646557284334422,1.7143112568952428,0
R_P5CD,0.019240575890727495,0.020017829345909458,0,0.14510931091662393,1.040396579582451,0
R_TRPS2,0.01077027780024864,0.014442428642735467,0,0.1439493034209122,1.3409522865233852,0
R_PROabc,0.004068360178205645,0.01655572664028643,0,0.1421948542195689,4.069385677545481,0
R_GAM,0.020131749936149662,0.021325354683803685,0,0.13432722269638855,1.0592896668913376,0
R_ORNCD,0.010720686071483885,0.015570173538173405,0,0.13100859377411955,1.4523486122393552,0
R_UMPK,0.05941066882563263,0.001749813861327721,0,0.1290701254113055,0.029452855790318366,0.05987647511859953
R_ATPPRT,0.04631167786594553,0.005922389967142412,0,0.12833519106719843,0.12788113581817204,0.04134300779983624
R_HISTD,0.04631167786594553,0.005922389967142412,0,0.12833519106719843,0.12788113581817204,0.04134300779983624
R_HISTP,0.04631167786594553,0.005922389967142412,0,0.12833519106719843,0.12788113581817204,0.04134300779983624
R_HSTPT,0.04631167786594553,0.005922389967142412,0,0.12833519106719843,0.12788113581817204,0.04134300779983624
R_IGPDH,0.04631167786594553,0.005922389967142412,0,0.12833519106719843,0.12788113581817204,0.04134300779983624
R_IMG3PS,0.04631167786594553,0.005922389967142412,0,0.12833519106719843,0.12788113581817204,0.04134300779983624
R_PRAMPC,0.04631167786594553,0.005922389967142412,0,0.12833519106719843,0.12788113581817204,0.04134300779983624
R_PRATPP,0.04631167786594553,0.005922389967142412,0,0.12833519106719843,0.12788113581817204,0.04134300779983624
R_PRMIIZCI,0.04631167786594553,0.005922389967142412,0,0.12833519106719843,0.12788113581817204,0.04134300779983624
R_ADA,0.01068831926698937,0.012092343001733043,0,0.12807612081875341,1.1313605721977231,0
R_P5CD1p,0.020856456237904726,0.017351088496830612,0,0.1266169419292394,0.8319288904553486,0
R_PPSERS,0.019964373396253135,0.011544642267596638,0,0.12122190334693332,0.5782621892737845,0.015105983656433834
R_PSDC_BS,0.019964373396253135,0.011544642267596638,0,0.12122190334693332,0.5782621892737845,0.015105983656433834
R_CITL,0.01850395254291897,0.017392602108437242,0,0.11894249614323794,0.9399398354538573,0
R_NDPK1,40.37223641390313,102.41282926434967,-0.11670811568756204,0.11670811568756204,2.5367142957946562,0.05835405784378102
R_PTAr,-3.1275718712469995,314.5310390922039,-0.11599707266234723,0.11599707266234723,100.56716585278556,-0.05799853633117361
R_ACKr,3.1280526299665894,314.5200621374783,-0.11599707266234723,0.11599707266234723,100.54820022028775,0.05799853633117361
R_ACHBS,0.05426186807502026,8.739460778852326e-4,0,0.11366222584304123,0.016106081653454136,0.056730764066143004
R_DHADT2,0.05426186807502026,8.739460778852326e-4,0,0.11366222584304123,0.016106081653454136,0.056730764066143004
R_KARIS2,0.05426186807502026,8.739460778852326e-4,0,0.11366222584304123,0.016106081653454136,0.056730764066143004
R_THRD_L,588.9397790848204,192.98501359657706,-0.11346152813228601,0.11346152813228601,0.32768208304160573,0.056730764066143004
R_BTCOAD2,0.00485869994271477,0.017438562202873358,0,0.11241959867552012,3.5891416239895775,0
R_NA1t,-791.6612488332376,264.78793968451544,-0.11080602235564133,0.11080602235564133,0.33447126542414946,-0.05540301117782066
R_SUCOAS,0.022481679007041604,0.0396229812153173,-0.24832683722659427,0.10937497936728931,1.7624564963723028,0.05139794137711111
R_SLFR,0.05264223669121474,1.5129515953645138e-5,0,0.10540964763746725,2.8740260491572246e-4,0.05540301117782066
R_ADSK,0.052642236691214504,1.512951595348538e-5,0,0.10540964763746397,2.87402604912689e-4,0.05540301117782066
R_BPNT,0.052642236691214504,1.512951595348538e-5,0,0.10540964763746397,2.87402604912689e-4,0.05540301117782066
R_PAPSR,0.052642236691214504,1.512951595348538e-5,0,0.10540964763746397,2.87402604912689e-4,0.05540301117782066
R_SO4t,0.052642236691214504,1.512951595348538e-5,0,0.10540964763746397,2.87402604912689e-4,0.05540301117782066
R_ALATA_D2,0.009127406807851157,0.011017715487729896,0,0.1054015465397583,1.2071024902990786,0
R_PYAM5PO,0.009127406807851157,0.011017715487729896,0,0.1054015465397583,1.2071024902990786,0
R_DAPE,0.04916529482855896,5.486934703589242e-4,0,0.10345156250515825,0.011160178582722564,0.05139794137711111
R_DHDPRy,0.04916529482855896,5.486934703589242e-4,0,0.10345156250515825,0.011160178582722564,0.05139794137711111
R_DHDPS,0.04916529482855896,5.486934703589242e-4,0,0.10345156250515825,0.011160178582722564,0.05139794137711111
R_SDPDS,0.04916529482855896,5.486934703589242e-4,0,0.10345156250515825,0.011160178582722564,0.05139794137711111
R_THDPS,0.04916529482855896,5.486934703589242e-4,0,0.10345156250515825,0.011160178582722564,0.05139794137711111
R_GUAD,0.0033168152827294023,0.0063775175878969595,0,0.1029978651642424,1.9227834667503432,0
R_TRPAS2,0.0033722560205510584,0.013602330572380314,-0.046693254188359075,0.10274332783934997,4.033599610909009,-0.0014831572304873988
R_NUTPTP2,0.00952333589758818,0.014347938278940894,0,0.10161053860370622,1.5066084440615564,0
R_PPA2,0.00952333589758818,0.014347938278940894,0,0.10161053860370622,1.5066084440615564,0
R_DUTPDP,0.010042721412855119,0.01246435284065059,0,0.09931188135795806,1.2411329885837197,0
R_PPND,0.044766320619518345,0.0018024527389638935,0,0.09914683137010519,0.04026358910046351,0.044576508673656194
R_ATPADT,0.01392992486393413,0.011006637182488134,0,0.09834539678480934,0.7901433274048261,0
R_LAAO3,0.012425029915182672,0.015705546542882136,0,0.09754531978618332,1.2640248474324285,0
R_NDPK6,0.009744838170288381,0.012311994305814426,-3.146632455869277e-4,0.09655664006887199,1.2634375338682586,0
R_ASPCT,0.04338435128574361,0.002028871003329716,0,0.09581287366527998,0.04676504184577762,0.04222036073507675
R_DHORD_NAD,0.04338435128574361,0.002028871003329716,0,0.09581287366527998,0.04676504184577762,0.04222036073507675
R_OMPDC,0.04338435128574361,0.002028871003329716,0,0.09581287366527998,0.04676504184577762,0.04222036073507675
R_CYSS,0.03170166651801394,0.006561079210395372,0,0.09535837705983558,0.20696322720659335,0.025925261221883614
R_SEROAT,0.03170166651801394,0.006561079210395372,0,0.09535837705983558,0.20696322720659335,0.025925261221883614
R_ETHAAL,0.005610821697106746,0.011544000260610128,0,0.0925112464978794,2.0574527019033346,0
R_PPLDe,0.005610821697106746,0.011544000260610128,0,0.0925112464978794,2.0574527019033346,0
R_NADDP1,0.009565754921077389,0.01138941123511192,0,0.09218099365387497,1.1906442647841884,0
R_NMNAT,0.009565754921077389,0.01138941123511192,0,0.09218099365387497,1.1906442647841884,0
R_ASNN,0.006194278361275438,0.011528614223229722,0,0.09088078828194984,1.8611714796840215,0
R_PPS,0.010266653398486907,0.011781066756041536,0,0.090423870537737,1.1475079851997168,0
R_URIDK2r,0.005444853531007463,0.012410726338197474,-0.010749291262477374,0.09017173323067718,2.2793498975721964,-0.004766823716515014
R_LAAO2,0.003924560675838004,0.012465625338220073,0,0.08952725102086732,3.1763110237958827,0
R_UNK2,0.003924560675838004,0.012465625338220073,0,0.08952725102086732,3.1763110237958827,0
R_ALHD1,0.010190081450766277,0.011910024302923981,0,0.08825060664409397,1.1687859768803288,0
R_DADA,0.01440157062948073,0.01187015604798307,0,0.08661068626768627,0.8242264926079849,0
R_PUNP6,0.01440157062948073,0.01187015604798307,0,0.08661068626768627,0.8242264926079849,0
R_ACOATA,0.04176274237186055,3.500271503199391e-4,0,0.08481788559779671,0.00838132580478683,0.044712806460910845
R_AKGDH,0.004028369624364227,0.00800137048457857,0,0.08240469930456165,1.9862552920131746,0
R_SUCDi,0.005618018995658234,0.008665160065020888,0,0.07924942551744302,1.542387106864105,0.002455388606207631
R_GLYCTO1p,0.015680115398709067,0.01209434066035415,0,0.07751748619608526,0.7713170696020432,0
R_ANPRT,0.006733903928037295,0.006196234824064758,0,0.0768907945148119,0.9201549190902626,0.0014831572304873988
R_IG3PS,0.006733903928037295,0.006196234824064758,0,0.0768907945148119,0.9201549190902626,0.0014831572304873988
R_PRAI,0.006733903928037295,0.006196234824064758,0,0.0768907945148119,0.9201549190902626,0.0014831572304873988
R_TRPS2_1,0.006733903928037295,0.006196234824064758,0,0.0768907945148119,0.9201549190902626,0.0014831572304873988
R_NNATr,0.011844238663244596,0.009028288037486341,0,0.074463190518116,0.7622514451269207,0.0025846195854816985
R_TRPD,0.0050573772940388315,0.00605697200847812,0,0.07292845697971954,1.1976508091689182,0
R_DAPDC,0.03362221128689205,5.481753160626223e-4,0,0.0723648057738656,0.01630396381086136,0.0350395895702648
R_GLUPRT,0.031229608454215317,0.0020970051638002168,0,0.07062138433932205,0.06714798127791342,0.029338158687190585
R_PRAIS,0.031229608454215317,0.0020970051638002168,0,0.07062138433932205,0.06714798127791342,0.029338158687190585
R_PRFGAS,0.031229608454215317,0.0020970051638002168,0,0.07062138433932205,0.06714798127791342,0.029338158687190585
R_PRGCS,0.031229608454215317,0.0020970051638002168,0,0.07062138433932205,0.06714798127791342,0.029338158687190585
R_NADDP,0.009387760961385133,0.009028098126016881,0,0.06955195812598884,0.9616881131882606,0
R_ALATA_D,0.016556630211813916,0.012090003163263351,0,0.06854494393841228,0.7302212472340283,0
R_LAAO5,0.004033427273915301,0.007136245258123518,0,0.06627320435944069,1.7692757978492744,0
R_ADSL1r,0.02798090874412567,0.002096713473609245,0,0.06412529447212204,0.0749337161556424,0.025919263159559707
R_PRAIZC1,0.02798090874412567,0.002096713473609245,0,0.06412529447212204,0.0749337161556424,0.025919263159559707
R_PRASUCS,0.02798090874412567,0.002096713473609245,0,0.06412529447212204,0.0749337161556424,0.025919263159559707
R_METS,0.017431017082852152,0.004924787289407104,0,0.05958466132148679,0.2825301166305372,0
R_MTHFR2,0.017431017082852152,0.004924787289407104,0,0.05958466132148679,0.2825301166305372,0
R_CYTTS4,123.22970397265001,264.0485661501335,-0.0589554999118741,0.0589554999118741,2.142734727405799,0.02947774995593705
R_HSERA,-588.8574413903432,192.98468588684062,-0.0589554999118741,0.0589554999118741,0.32772734506196805,0.02947774995593705
R_BTCOADm,0.007738882254854629,0.00628350413487447,0,0.05838800872631604,0.8119394930621674,0
R_IMPD,0.02380417532172315,0.00307446190303464,0,0.05796283948531525,0.12915641317046408,0.02635439531761655
R_3OXAPLC,0.005685871275861891,0.005771035824044784,0,0.05035870372888883,1.014978275808747,0.002273810901151637
R_3OXAPT,0.005685871275861891,0.005771035824044784,0,0.05035870372888883,1.014978275808747,0.002273810901151637
R_3OXCOAT,0.005685871275861891,0.005771035824044784,0,0.05035870372888883,1.014978275808747,0.002273810901151637
R_HISAL,0.007033655563108151,0.005919843953428056,0,0.049757926661561154,0.8416454147225962,0
R_UROCH,0.006508755591806962,0.005777412893248082,0,0.046150730456085524,0.887637093105866,0
R_CYSTBL1,0.007058684985658192,0.006560223211912145,0,0.04606730835927404,0.9293831960543898,0
R_GL3PD,-434.29730809013284,213.1177803019556,-0.04579193421290485,0.04579193421290485,0.49071863060621534,-0.022895967106452426
R_MTHF3ES_c,0.01384985534964443,0.004928060131136747,0,0.04338589172133927,0.355820332178651,0.03291300383537477
R_MTTGH,0.01384985534964443,0.004928060131136747,0,0.04338589172133927,0.355820332178651,0.03291300383537477
R_FGDM,0.001913445252773042,0.005407789259138711,0,0.043134196762693845,2.8262053755138927,0
R_FORGD,0.001913445252773042,0.005407789259138711,0,0.043134196762693845,2.8262053755138927,0
R_IZPN,0.001913445252773042,0.005407789259138711,0,0.043134196762693845,2.8262053755138927,0
R_3CMUCC,0.005679982410586296,0.0046240296260901875,0,0.04190048607200094,0.8140922439252569,0.002273810901151637
R_4CBMCLC,0.005679982410586296,0.0046240296260901875,0,0.04190048607200094,0.8140922439252569,0.002273810901151637
R_PHBZMN,0.005679982410586296,0.0046240296260901875,0,0.04190048607200094,0.8140922439252569,0.002273810901151637
R_PROTCC1,0.005679982410586296,0.0046240296260901875,0,0.04190048607200094,0.8140922439252569,0.002273810901151637
R_ACFM1,0.0016979603331227226,0.0036199917828940486,0,0.04112741164802412,2.1319648711913746,0
R_KYN,0.0016979603331227226,0.0036199917828940486,0,0.04112741164802412,2.1319648711913746,0
R_ANS,0.004936386284455283,0.0038284020059805197,0,0.038451575496568795,0.7755474927146981,0.0014831572304873988
R_CHRPL,0.0035704923217902565,0.004623039517765909,0,0.03762797596448142,1.2947904941713757,0
R_SUCD1,0.0023140159944105582,0.005208417774996053,0,0.03659100137022181,2.250813212863197,0
R_AGPAT,0.015183646095728164,0.0013081928169817608,0,0.03527048611687141,0.08615801558690266,0.018839913775944895
R_G3POAT,0.015183646095728164,0.0013081928169817608,0,0.03527048611687141,0.08615801558690266,0.018839913775944895
R_LEUD2,-0.0650222271262149,0.028488147641944628,-0.18384410548625754,0.034703454788716614,0.4381293736162893,-0.09677600928930277
R_ANDO,0.00331121172184076,0.0037255143628884906,0,0.03449416889121788,1.1251211568003912,0
R_ACFM3,0.0026379132246452195,0.003927837912351253,0,0.033616848520366324,1.4889943595015407,0
R_KYNRN1,0.0026379132246452195,0.003927837912351253,0,0.033616848520366324,1.4889943595015407,0
R_FABC140,0.01620957307102138,1.245818747781941e-5,0,0.03247622502344899,7.685697472249593e-4,0.017085610320918296
R_DXPS,0.015614701337524881,4.4877058552099464e-6,0,0.03126653177004412,2.8740260592914434e-4,0.016433600225157798
R_ALAALAL,0.0155432026055418,4.467156916987301e-6,0,0.031123364294307912,2.8740260487851926e-4,0.01635835180684631
R_DALAT,0.0155432026055418,4.467156916987301e-6,0,0.031123364294307912,2.8740260487851926e-4,0.01635835180684631
R_GLNST2,0.0155432026055418,4.467156916987301e-6,0,0.031123364294307912,2.8740260487851926e-4,0.01635835180684631
R_PAPPT3,0.0155432026055418,4.467156916987301e-6,0,0.031123364294307912,2.8740260487851926e-4,0.01635835180684631
R_PGPS,0.0155432026055418,4.467156916987301e-6,0,0.031123364294307912,2.8740260487851926e-4,0.01635835180684631
R_RNA,0.0155432026055418,4.467156916987301e-6,0,0.031123364294307912,2.8740260487851926e-4,0.01635835180684631
R_UAAGDS,0.0155432026055418,4.467156916987301e-6,0,0.031123364294307912,2.8740260487851926e-4,0.01635835180684631
R_UAGCVT,0.0155432026055418,4.467156916987301e-6,0,0.031123364294307912,2.8740260487851926e-4,0.01635835180684631
R_UAGPT2,0.0155432026055418,4.467156916987301e-6,0,0.031123364294307912,2.8740260487851926e-4,0.01635835180684631
R_UAMAGS,0.0155432026055418,4.467156916987301e-6,0,0.031123364294307912,2.8740260487851926e-4,0.01635835180684631
R_UAMAS,0.0155432026055418,4.467156916987301e-6,0,0.031123364294307912,2.8740260487851926e-4,0.01635835180684631
R_UAPGR,0.0155432026055418,4.467156916987301e-6,0,0.031123364294307912,2.8740260487851926e-4,0.01635835180684631
R_UDCPDP,0.0155432026055418,4.467156916987301e-6,0,0.031123364294307912,2.8740260487851926e-4,0.01635835180684631
R_UGMDDS,0.0155432026055418,4.467156916987301e-6,0,0.031123364294307912,2.8740260487851926e-4,0.01635835180684631
R_UNAMPLA,0.0155432026055418,4.467156916987301e-6,0,0.031123364294307912,2.8740260487851926e-4,0.01635835180684631
R_DALAt2r,0.015358233036927791,1.2573561131551018e-4,0,0.031084832842449582,0.008186853983344813,0.01635835180684631
R_ASPO1,0.004393897281988346,0.004326985096718955,0,0.03070031178975505,0.9847715636085349,0
R_4OXCTT,8.762897822957754e-4,0.0030611434815159973,0,0.030602679473536634,3.4933004393776725,0
R_CATCHD5,8.762897822957754e-4,0.0030611434815159973,0,0.030602679473536634,3.4933004393776725,0
R_HMSALD3,8.762897822957754e-4,0.0030611434815159973,0,0.030602679473536634,3.4933004393776725,0
R_HOPNTAL,8.762897822957754e-4,0.0030611434815159973,0,0.030602679473536634,3.4933004393776725,0
R_OP4ENH,8.762897822957754e-4,0.0030611434815159973,0,0.030602679473536634,3.4933004393776725,0
R_OXCTD2,8.762897822957754e-4,0.0030611434815159973,0,0.030602679473536634,3.4933004393776725,0
R_HXAND,0.0043370393485938664,0.0030241879194191873,0,0.030384960784997094,0.6972931708354628,0
R_UAG4Ei,0.014019968750198723,4.02937553912099e-6,0,0.028073274593465782,2.874026048784079e-4,0.01475523332977537
R_NODOx,0.001523842827250419,0.0056100188985185005,0,0.027318824156096266,3.6814944416814086,0
R_CATCHDG5,0.0012510886013699307,0.0019728082333500905,0,0.022130705910432234,1.5768733175171474,0
R_HTTOG,0.001532815874195634,0.0027071195323734604,0,0.02167164433155454,1.7661087531430077,0
R_NDPK7,0.00897886775381124,4.370277863412761e-4,0,0.019767128589346237,0.04867292829385664,0.00890821311561494
R_RNDR3,0.00897886775381124,4.370277863412761e-4,0,0.019767128589346237,0.04867292829385664,0.00890821311561494
R_MUCCYCI,8.906301295251667e-4,0.0019582109135320614,-0.004936028796353361,0.019316747321217496,2.198680292318505,0
R_MCLACi,-1.1563078096165288e-5,0.0021107150049402023,-0.007071726027047477,0.01878927719386863,182.53919824689135,0
R_FABC160,0.009100019526047786,4.238313159833078e-6,0,0.01822133707582389,4.657476995188177e-4,0.009570676198180007
R_DHFR,0.006753673886756996,4.467859370448242e-4,0,0.01778793193964734,0.06615450265090658,0.006803438516467404
R_CMK,0.008876723008022462,2.551193331693963e-6,0,0.017774553348461484,2.874026067264109e-4,0.009342254716889924
R_DXPRIi,0.008876723008022462,2.551193331693963e-6,0,0.017774553348461484,2.874026067264109e-4,0.009342254716889924
R_ME4PCT,0.008876723008022462,2.551193331693963e-6,0,0.017774553348461484,2.874026067264109e-4,0.009342254716889924
R_MECDPDHT,0.008876723008022462,2.551193331693963e-6,0,0.017774553348461484,2.874026067264109e-4,0.009342254716889924
R_MECDPS,0.008876723008022462,2.551193331693963e-6,0,0.017774553348461484,2.874026067264109e-4,0.009342254716889924
R_LPS,0.008807814809807203,2.5313889196406425e-6,0,0.01763657310010813,2.8740260488016014e-4,0.009269732690546243
R_NDPK5,0.00846431003222447,2.432664751747566e-6,0,0.016948746749203453,2.8740260487696804e-4,0.00890821311561494
R_RNDR2,0.00846431003222447,2.432664751747566e-6,0,0.016948746749203453,2.8740260487696804e-4,0.00890821311561494
R_DNA,0.008030654679529937,2.3080310737736373e-6,0,0.016080404885392415,2.874026048781286e-4,0.008451815100203926
R_Cofactors_and_vitamins,0.0077716013027709,2.2335784584936505e-6,0,0.015561682147153956,2.8740260487851926e-4,0.008179175903423154
R_HMB4DPR,0.007731188975994284,2.2219638648561964e-6,0,0.015480761399973142,2.874026067342943e-4,0.008136644188725351
R_FUMAC,0.0018905728813238282,0.001742661675656743,0,0.014259253850348435,0.9217638171327656,0
R_HOMOGD,0.0018905728813238282,0.001742661675656743,0,0.014259253850348435,0.9217638171327656,0
R_MACACI,0.0018905728813238282,0.001742661675656743,0,0.014259253850348435,0.9217638171327656,0
R_4HPHED1,0.0018905728813238287,0.0017426616756567427,0,0.014259253850348435,0.9217638171327652,0
R_TMDS,0.0048186500600993195,4.4675827067302046e-4,0,0.013917667368110526,0.09271440447032837,0.004766823716515014
R_ETOHt2r,6.620394478286595e-4,0.0016773244811272312,0,0.012862474829290541,2.533571808490383,0
R_FABC120,0.006390237747538294,1.264476595217031e-5,0,0.012826076927202636,0.0019787629900063484,0.006752571676245599
R_FABC161,0.005641831593123177,3.006945744262536e-4,0,0.01240772494089021,0.053297332517470014,0.006593969821580713
R_A5PISO,0.006165470366864911,1.771972243736376e-6,0,0.01234560117007547,2.87402604878208e-4,0.00648881288338237
R_KDO8PS,0.006165470366864911,1.771972243736376e-6,0,0.01234560117007547,2.87402604878208e-4,0.00648881288338237
R_KDOCT2,0.006165470366864911,1.771972243736376e-6,0,0.01234560117007547,2.87402604878208e-4,0.00648881288338237
R_KDOPP,0.006165470366864911,1.771972243736376e-6,0,0.01234560117007547,2.87402604878208e-4,0.00648881288338237
R_DB4PS,0.0059685898005930015,1.7153882544345013e-6,0,0.011951371889136942,2.874026045924736e-4,0.006281607093828982
R_RBFSa,0.0059685898005930015,1.7153882544345013e-6,0,0.011951371889136942,2.874026045924736e-4,0.006281607093828982
R_OCOAT1m,-0.021653289919006093,0.03605968895838144,-0.323959770303969,0.011827773182672113,1.6653214866314698,0
R_RNDR4,0.004349258057471512,5.617982247926749e-4,0,0.011405317206872101,0.12917104880166214,0.004766823716515014
R_FBMO1,7.66407937097817e-4,0.0013535597661867302,0,0.01083582216577727,1.7661087531430077,0
R_NTD4,0.001995401713008537,0.001573303472984983,0,0.010537263404219994,0.7884645295873072,0
R_KAS16,0.004932376293491929,1.4175777949889464e-6,0,0.009876480936060373,2.8740260487817665e-4,0.005191050306705897
R_AG3POAT_Nlimit,0.0027243549604481477,0.0013097881861242403,0,0.00949279043165662,0.4807700190098519,0
R_G3POAT_Nlimit,0.0027243549604481477,0.0013097881861242403,0,0.00949279043165662,0.4807700190098519,0
R_DTMPK,0.004529289239254934,1.301729525614792e-6,0,0.009069348355361407,2.874026048795519e-4,0.004766823716515014
R_NDPK4,0.004529289239254934,1.301729525614792e-6,0,0.009069348355361407,2.874026048795519e-4,0.004766823716515014
R_NDPK8,0.004529289239254934,1.301729525614792e-6,0,0.009069348355361407,2.874026048795519e-4,0.004766823716515014
R_RNDR1,0.004529289239254934,1.301729525614792e-6,0,0.009069348355361407,2.874026048795519e-4,0.004766823716515014
R_FABC181,0.00397250979324444,1.8010940787918518e-5,0,0.008011656590748189,0.004533894622122145,0.004220140685811656
R_AGMHE,0.003699282220118949,1.0631833462412318e-6,0,0.007407360702045274,2.8740260487804725e-4,0.003893287730029422
R_GMHEPAT,0.003699282220118949,1.0631833462412318e-6,0,0.007407360702045274,2.8740260487804725e-4,0.003893287730029422
R_GMHEPK,0.003699282220118949,1.0631833462412318e-6,0,0.007407360702045274,2.8740260487804725e-4,0.003893287730029422
R_GMHEPPA,0.003699282220118949,1.0631833462412318e-6,0,0.007407360702045274,2.8740260487804725e-4,0.003893287730029422
R_S7PI,0.003699282220118949,1.0631833462412318e-6,0,0.007407360702045274,2.8740260487804725e-4,0.003893287730029422
R_E4PD,0.0034894489849441584,1.002876727864625e-6,0,0.006987195284072172,2.874026048787969e-4,0.0036724499806369965
R_OHPBAKGT,0.0034894489849441584,1.002876727864625e-6,0,0.006987195284072172,2.874026048787969e-4,0.0036724499806369965
R_PDX5PS,0.0034894489849441584,1.002876727864625e-6,0,0.006987195284072172,2.874026048787969e-4,0.0036724499806369965
R_PERD,0.0034894489849441584,1.002876727864625e-6,0,0.006987195284072172,2.874026048787969e-4,0.0036724499806369965
R_PDX5POi,0.0034894489849441592,1.0028767278647166e-6,0,0.006987195284072171,2.874026048788231e-4,0.0036724499806369965
R_METAT,0.003264072547162852,9.381029587173426e-7,0,0.006535906501797999,2.8740260676275297e-4,0.003435253879437724
R_AHCi,0.003264072547162851,9.381029587171221e-7,0,0.006535906501797995,2.8740260676268553e-4,0.003435253879437724
R_4HBADH,0.0032485293445582326,9.336357956510788e-7,0,0.006504783137510375,2.874026048787452e-4,0.003418895527630878
R_BZALDD6,0.0032485293445582326,9.336357956510788e-7,0,0.006504783137510375,2.874026048787452e-4,0.003418895527630878
R_HMPK1,0.0032485293445582326,9.336357956510788e-7,0,0.006504783137510375,2.874026048787452e-4,0.003418895527630878
R_PMPK,0.0032485293445582326,9.336357956510788e-7,0,0.006504783137510375,2.874026048787452e-4,0.003418895527630878
R_THMB,0.0032485293445582326,9.336357956510788e-7,0,0.006504783137510375,2.874026048787452e-4,0.003418895527630878
R_THZPSN,0.0032485293445582326,9.336357956510788e-7,0,0.006504783137510375,2.874026048787452e-4,0.003418895527630878
R_TMPPP,0.0032485293445582326,9.336357956510788e-7,0,0.006504783137510375,2.874026048787452e-4,0.003418895527630878
R_AGMT,6.714098472541596e-4,8.458483999799227e-4,0,0.006356837000376948,1.2598093451252734,0
R_ARGDC,6.714098472541596e-4,8.458483999799227e-4,0,0.006356837000376948,1.2598093451252734,0
R_UREA,6.714098472541596e-4,8.458483999799227e-4,0,0.006356837000376948,1.2598093451252734,0
R_APRAUR,0.0029842949002965007,8.576941272172507e-7,0,0.005975685944568471,2.874026045924736e-4,0.003140803546914491
R_DHPPRAP,0.0029842949002965007,8.576941272172507e-7,0,0.005975685944568471,2.874026045924736e-4,0.003140803546914491
R_GTPCII,0.0029842949002965007,8.576941272172507e-7,0,0.005975685944568471,2.874026045924736e-4,0.003140803546914491
R_PMDPHT,0.0029842949002965007,8.576941272172507e-7,0,0.005975685944568471,2.874026045924736e-4,0.003140803546914491
R_RBFS2,0.0029842949002965007,8.576941272172507e-7,0,0.005975685944568471,2.874026045924736e-4,0.003140803546914491
R_NTD2,5.212629017968368e-4,4.987019018932859e-4,0,0.005116229417528211,0.9567185774667998,0
R_HMR_0614,0.0024661881467459646,7.087888974944732e-7,0,0.004938240468030187,2.8740260487817665e-4,0.0025955251533529484
R_U23GAAT,0.0024661881467459646,7.087888974944732e-7,0,0.004938240468030187,2.8740260487817665e-4,0.0025955251533529484
R_U3AGDA,0.0024661881467459646,7.087888974944732e-7,0,0.004938240468030187,2.8740260487817665e-4,0.0025955251533529484
R_UAGAAT,0.0024661881467459646,7.087888974944732e-7,0,0.004938240468030187,2.8740260487817665e-4,0.0025955251533529484
R_ASPOX2,0.0024558260114433796,7.05810633522789e-7,0,0.004917491558114655,2.874025400146153e-4,0.0025846195854816985
R_NADSG,0.0024558260114433796,7.05810633522789e-7,0,0.004917491558114655,2.874025400146153e-4,0.0025846195854816985
R_NNDPR,0.0024558260114433796,7.05810633522789e-7,0,0.004917491558114655,2.874025400146153e-4,0.0025846195854816985
R_QULNS,0.0024558260114433796,7.05810633522789e-7,0,0.004917491558114655,2.874025400146153e-4,0.0025846195854816985
R_NTD5,2.896063404819344e-4,4.466962161989535e-4,0,0.004859072218223024,1.5424255403234803,0
R_CLPNS2,0.002024298823462338,8.218314134015961e-5,0,0.004318378133089997,0.04059832490521063,0.002273401942356478
R_PPCOAT,0.0014518190553219294,3.5370704437475423e-4,0,0.003995576540497497,0.24363025342460634,7.535965510377958e-4
R_ADCS,0.0019351287243670103,5.561610509053239e-7,0,0.0038748588546275798,2.874026124992004e-4,0.0020366147999523894
R_ADCL,0.0019351287243670103,5.561610509053005e-7,0,0.0038748588546275798,2.8740261249918833e-4,0.0020366147999523894
R_DHNPA,0.0019351287243670103,5.561610509053005e-7,0,0.0038748588546275798,2.8740261249918833e-4,0.0020366147999523894
R_FPGLUS1,0.0019351287243670103,5.561610509053005e-7,0,0.0038748588546275798,2.8740261249918833e-4,0.0020366147999523894
R_GCALDD,0.0019351287243670103,5.561610509053005e-7,0,0.0038748588546275798,2.8740261249918833e-4,0.0020366147999523894
R_GTPCI,0.0019351287243670103,5.561610509053005e-7,0,0.0038748588546275798,2.8740261249918833e-4,0.0020366147999523894
R_DHPS,0.0019095704621727011,3.1178927039719314e-5,0,0.0038700580171704964,0.016327717493202144,0.0020366147999523894
R_ALKP,0.0010586382635560823,3.2796424517703344e-4,0,0.0038669763469799125,0.3097982157525324,0.0020366147999523894
R_ENCOAH2,0.00128418317323859,2.6672780410151494e-4,0,0.003514748536984558,0.2077023042038873,7.535965510377958e-4
R_HPCOR,0.00128418317323859,2.6672780410151494e-4,0,0.003514748536984558,0.2077023042038873,7.535965510377958e-4
R_OCDOR,0.00128418317323859,2.6672780410151494e-4,0,0.003514748536984558,0.2077023042038873,7.535965510377958e-4
R_DCTPD,5.11172715325267e-4,4.365253897638734e-4,0,0.0028339119529338756,0.8539684859472706,0
R_DNMPPA,8.767790572185922e-4,3.2810746860735253e-4,0,0.0026263669144562,0.37421909876384185,0
R_DNTPPA,8.767790572185922e-4,3.2810746860735253e-4,0,0.0026263669144562,0.37421909876384185,0
R_DMOAT2,0.0012330940733729823,3.543944487472366e-7,0,0.0024691202340150933,2.8740260487817665e-4,0.0012977625766764742
R_EDTXS1,0.0012330940733729823,3.543944487472366e-7,0,0.0024691202340150933,2.8740260487817665e-4,0.0012977625766764742
R_EDTXS2,0.0012330940733729823,3.543944487472366e-7,0,0.0024691202340150933,2.8740260487817665e-4,0.0012977625766764742
R_LPADSS,0.0012330940733729823,3.543944487472366e-7,0,0.0024691202340150933,2.8740260487817665e-4,0.0012977625766764742
R_MOAT,0.0012330940733729823,3.543944487472366e-7,0,0.0024691202340150933,2.8740260487817665e-4,0.0012977625766764742
R_TDSK,0.0012330940733729823,3.543944487472366e-7,0,0.0024691202340150933,2.8740260487817665e-4,0.0012977625766764742
R_USHD,0.0012330940733729823,3.543944487472366e-7,0,0.0024691202340150933,2.8740260487817665e-4,0.0012977625766764742
R_NADK,0.0011579685939470182,3.328030723101013e-7,0,0.002318690639676789,2.874025030123817e-4,0.0012186972096099218
R_FABC170,7.542952469690046e-4,2.593573215090983e-4,0,0.002309329442653059,0.3438405883522103,2.2607896531133876e-4
R_DMPPS,0.0011455340320281103,3.2922946683031777e-7,0,0.002293791948488249,2.8740260666672084e-4,0.0012056105281645726
R_GRATT,0.0011455340320281103,3.2922946683031777e-7,0,0.002293791948488249,2.8740260666672084e-4,0.0012056105281645726
R_GRTT,0.0011455340320281103,3.2922946683031777e-7,0,0.002293791948488249,2.8740260666672084e-4,0.0012056105281645726
R_DPCOAK,0.0011268821889411627,3.2386887533711747e-7,0,0.002256443911403344,2.8740260385287485e-4,0.0011859805059963782
R_PANTS,0.0011268821889411627,3.2386887533711747e-7,0,0.002256443911403344,2.8740260385287485e-4,0.0011859805059963782
R_PNTK,0.0011268821889411627,3.2386887533711747e-7,0,0.002256443911403344,2.8740260385287485e-4,0.0011859805059963782
R_PPCDC,0.0011268821889411627,3.2386887533711747e-7,0,0.002256443911403344,2.8740260385287485e-4,0.0011859805059963782
R_PPNCL,0.0011268821889411627,3.2386887533711747e-7,0,0.002256443911403344,2.8740260385287485e-4,0.0011859805059963782
R_PTPATi,0.0011268821889411627,3.2386887533711747e-7,0,0.002256443911403344,2.8740260385287485e-4,0.0011859805059963782
R_DPR,0.0011268821889411627,3.2386887533709793e-7,0,0.002256443911403344,2.8740260385285755e-4,0.0011859805059963782
R_MOHMT,0.0011268821889411627,3.2386887533709793e-7,0,0.002256443911403344,2.8740260385285755e-4,0.0011859805059963782
R_FMNAT,0.0010957957837231817,3.1493456180583835e-7,0,0.002194197182810082,2.8740260410182105e-4,0.0011532638023826647
R_DMQMT,0.0010880241823876076,3.12700986237882e-7,0,0.002178635500599316,2.8740260676162307e-4,0.0011450846264792413
R_HBZOPT,0.0010880241823876076,3.12700986237882e-7,0,0.002178635500599316,2.8740260676162307e-4,0.0011450846264792413
R_OCTDPS,0.0010880241823876076,3.12700986237882e-7,0,0.002178635500599316,2.8740260676162307e-4,0.0011450846264792413
R_OCTMBZM,0.0010880241823876076,3.12700986237882e-7,0,0.002178635500599316,2.8740260676162307e-4,0.0011450846264792413
R_OHPHM,0.0010880241823876076,3.12700986237882e-7,0,0.002178635500599316,2.8740260676162307e-4,0.0011450846264792413
R_OPHBDC,0.0010880241823876076,3.12700986237882e-7,0,0.002178635500599316,2.8740260676162307e-4,0.0011450846264792413
R_OMPHHX,0.0010623061236619163,3.0903003318737204e-5,0,0.002175579130617238,0.029090487789160315,0.0011450846264792413
R_TRSARr,-714.2859153537904,130.21302483249622,-0.0020366147999523894,0.0020366147999523894,0.18229818344941168,0.0010183073999761947
R_GLXCL,9.119497669539667e-4,2.6627648401415805e-5,0,0.0019339910536149256,0.029198591157444654,0.0010183073999761947
R_OCPPH1,5.160564043205629e-4,1.3277154320607732e-5,0,0.0010878291871405314,0.025728106868644254,5.725423132396207e-4
R_OCMPH2,5.148692774448874e-4,1.3770440934779923e-5,0,0.0010878264832091737,0.026745509079737113,5.725423132396207e-4
R_FABC180,4.3838985328188663e-4,1.3056783388671807e-5,0,9.254399457033513e-4,0.029783498160200886,4.898377581745672e-4
R_G1SAT,4.600787971240397e-4,1.3222784474313896e-7,0,9.212515831115218e-4,2.874026048792021e-4,0.00048420721348265073
R_GLUTRR,4.600787971240397e-4,1.3222784474313896e-7,0,9.212515831115218e-4,2.874026048792021e-4,0.00048420721348265073
R_GLUTRS,4.600787971240397e-4,1.3222784474313896e-7,0,9.212515831115218e-4,2.874026048792021e-4,0.00048420721348265073
R_FABC150,3.6510803393914257e-4,5.503360939434077e-5,0,9.000802915121412e-4,0.1507323977524799,2.637587928632285e-4
R_OBTFL,1.295788375201286e-4,1.1771062990200127e-4,0,8.055891381179484e-4,0.9084093680321547,0
R_FABC171,2.1257104534019362e-4,1.8314699437744865e-5,0,4.937868056362005e-4,0.08615801558690393,2.637587928632285e-4
R_PPBNGS,2.3003939856201984e-4,6.611392237156948e-8,0,4.606257915557609e-4,2.874026048792021e-4,2.4210360674132536e-4
R_MALS,8.192790639195219e-5,4.412855861533013e-5,0,3.097626580957174e-4,0.5386267092462269,0
R_GLYK,1.5196946540518811e-5,3.937612197180076e-5,0,2.4092525597406187e-4,2.5910548455779785,0
R_HYDS,1.1086510824318341e-4,2.5646965025424424e-6,0,2.2994287131397772e-4,0.023133486659452515,1.2105180530333892e-4
R_FABC190,6.53845190507557e-5,3.1434916466981796e-5,0,2.2782697035975905e-4,0.4807700190098512,0
R_FABC151,5.448709920896267e-5,2.6195763722484768e-5,0,1.8985580863313214e-4,0.4807700190098537,0
R_DHPS2,2.5360691086149578e-5,3.132785989863121e-5,0,1.872320681415766e-4,1.2352920428000689,0
R_HMDPPK,2.5360691086149578e-5,3.132785989863121e-5,0,1.872320681415766e-4,1.2352920428000689,0
R_OMMBZH,2.5940398372818456e-5,3.093602614483308e-5,0,1.8073312964042104e-4,1.1925809966453436,0
R_OCMPH1,4.553912133997075e-5,2.29661889464245e-5,0,1.6947750077157893e-4,0.5043177881051152,0
R_OPHHX3,4.2400271947600995e-5,1.877395099342614e-5,0,1.5117858479198222e-4,0.44277902313049594,0
R_GLYCK,3.568479797839864e-5,1.7307336600563986e-5,0,1.2462512873376842e-4,0.48500587311831694,0
R_CPPPGO,5.750984964050496e-5,1.652848059289237e-8,0,1.1515644788894023e-4,2.874026048792021e-4,6.052590168533134e-5
R_FCLT,5.750984964050496e-5,1.652848059289237e-8,0,1.1515644788894023e-4,2.874026048792021e-4,6.052590168533134e-5
R_FE2abc,5.750984964050496e-5,1.652848059289237e-8,0,1.1515644788894023e-4,2.874026048792021e-4,6.052590168533134e-5
R_HEMEOS,5.750984964050496e-5,1.652848059289237e-8,0,1.1515644788894023e-4,2.874026048792021e-4,6.052590168533134e-5
R_HMBS,5.750984964050496e-5,1.652848059289237e-8,0,1.1515644788894023e-4,2.874026048792021e-4,6.052590168533134e-5
R_PHEMEAS,5.750984964050496e-5,1.652848059289237e-8,0,1.1515644788894023e-4,2.874026048792021e-4,6.052590168533134e-5
R_UPP3S,5.750984964050496e-5,1.652848059289237e-8,0,1.1515644788894023e-4,2.874026048792021e-4,6.052590168533134e-5
R_UPPDC1,5.750984964050496e-5,1.652848059289237e-8,0,1.1515644788894023e-4,2.874026048792021e-4,6.052590168533134e-5
R_PPPGO3,5.709931395910341e-5,3.5111912375907745e-7,0,1.1499882404496825e-4,0.006149270445010279,6.052590168533134e-5
R_OMPHHX3,7.47740432313617e-6,1.5651379971540536e-5,0,1.1150580916177201e-4,2.0931568356030854,0
R_OPHHX,3.1094111280783475e-6,1.2503226487736062e-5,0,1.0336489355910932e-4,4.021091445524993,0
R_GLYCEK1,2.016263646385215e-5,1.0130743151274444e-5,0,5.941928067238799e-5,0.5024513123289694,0
R_FABC141,5.448709920896282e-6,2.619576372248479e-6,0,1.898558086331323e-5,0.4807700190098527,0
R_H2td,1.987394300686104e-6,1.7780815413008475e-6,0,1.159885191507493e-5,0.8946798029394589,0
R_HYD1,2.165336857763902e-6,1.2399723431939864e-6,0,8.940776580767373e-6,0.5726463939077265,-1.9326762412674725e-12
R_PPPGO,2.082412443339025e-7,1.7697588638757442e-7,0,1.2826425916404427e-6,0.8498599158570339,0
R_SUCCt2r,85.54576263054116,322.10662293674,-0,0,3.7653135939399873,0
R_NUDPK10,137.11831470871462,317.51272300304754,-0,0,2.31561132936582,0
R_ADK4,137.1183147087213,317.51272300304583,-0,0,2.315611329365695,0
R_THMDt2,137.8863389977639,265.54857818258046,-0,0,1.9258512490268298,0
R_THMDtr,-137.88661625781918,265.54841835178854,-0,0,1.925846217411474,0
R_CYTTS5,-123.21898805592127,264.04602585753,-0,0,2.1429004573361397,0
R_THRtr,-168.99461464824464,260.97262731328243,-0,0,1.5442659392223017,0
R_THRt,168.94757493723887,260.9517031158466,-0,0,1.5445720556378848,0
R_ALRTap,324.8656939035438,254.55189756403124,-0,0,0.7835604138601674,0
R_ALRTa,-324.8656939035459,254.55189756403092,-0,0,0.7835604138601614,0
R_ADPT,260.19272337485825,249.35292089300165,-0,0,0.9583393327020919,0
R_ADPRT4,260.4145602652861,249.3019936466792,-0,0,0.9573273990237471,0
R_ADPRT3,265.4008535928517,247.30351498618887,-0,0,0.9318113021805658,0
R_GUAPRT,265.5296996155662,247.28281228141267,-0,0,0.931281181123726,0
R_BENZOTt,234.50863881830668,242.3063944997231,-0,0,1.0332514645119661,0
R_BENZt,-234.50863881831134,242.3063944997212,-0,0,1.0332514645119375,0
R_ALRTgp,401.69008990597825,228.06222454179746,-0,0,0.5677566618463974,0
R_ALRTg,-401.6900899059855,228.06222454179547,-0,0,0.5677566618463822,0
R_ASPt,350.34247395117427,218.38316875882276,-0,0,0.6233419724873493,0
R_ASPALAt,-350.65883555699065,218.343493028635,-0,0,0.6226664520853028,0
R_ALAtr,-350.9212576935255,218.30441816953123,-0,0,0.6220894670341852,0
R_GLUABUTt7,347.2187599002669,215.23053513951047,-0,0,0.619870122228799,0
R_ABUTt,347.21866475938737,215.17935068415431,-0,0,0.6197228793367645,0
R_URAtr,-625.3343224965733,213.66030430297582,-0,0,0.34167372014694847,0
R_URAt2,625.3343224965738,213.6603043029754,-0,0,0.3416737201469475,0
R_G3PD2,434.2566553776047,213.12376644897626,-0,0,0.4907783537909305,0
R_HACD1,312.7686573738258,213.0614038327402,-0,0,0.6812108528447786,0
R_ASO3t1,-386.21550333878895,206.06016616664832,-0,0,0.5335367544422264,0
R_ASO3t2,386.2155033387981,206.06016616664516,-0,0,0.5335367544422056,0
R_URItr,-600.5206859144072,205.7350471229433,-0,0,0.3425944383742127,0
R_URIt2,600.520011077471,205.7347811185169,-0,0,0.3425943804093745,0
R_HPYRRy,450.7225203676479,195.06807395795732,-0,0,0.43278972126540977,0
R_CYTTS2,-588.8854546475447,192.9846885991681,-0,0,0.32771175969131694,0
R_FOMETRi,522.984914490102,192.87913617881776,-0,0,0.3688043972871959,0
R_GLYD,522.984914490102,192.87913617881776,-0,0,0.3688043972871959,0
R_LPD5,522.984914490102,192.87913617881776,-0,0,0.3688043972871959,0
R_GLUtr,-441.73186759051265,190.23927466690878,-0,0,0.43066685612834577,0
R_CYTDt2,454.7270661414083,189.20045913577255,-0,0,0.4160747692923476,0
R_CYTDtr,-454.729073812654,189.19944928090547,-0,0,0.41607071149986474,0
R_PHCHGS,-574.6831159803171,187.4525003436244,-0,0,0.3261841093484372,0
R_P5CD4,574.6831159803075,187.45250034362206,-0,0,0.3261841093484386,0
R_P5CD5,574.6831159803075,187.45250034362206,-0,0,0.3261841093484386,0
R_PROtr,-550.4748091767188,183.27233933428377,-0,0,0.3329350158790788,0
R_PROt4,550.4728470322162,183.2672433342688,-0,0,0.33292694512058857,0
R_SUCCtr,484.4719841677278,174.64027504649624,-0,0,0.3604754882710297,0
R_ADNt2,547.217969939245,171.73132627304466,-0,0,0.31382618208263735,0
R_ADNtr,-547.2179699392507,171.73132627304318,-0,0,0.31382618208263136,0
R_NADTRHD,612.395228108369,163.8993211821491,-0,0,0.2676365093314306,0
R_CITt7,562.8420703182828,153.55740732435282,-0,0,0.2728250346274174,0
R_CITt,-562.8420703182901,153.55740732435012,-0,0,0.2728250346274091,0
R_PPAKr,605.42152420473235,142.21078038354997,-0,0,0.23489548140917973,0
R_PTA2,605.42152420473235,142.21078038354997,-0,0,0.23489548140917973,0
R_3HBCD,600.7928499544396,139.91716386108027,-0,0,0.23288753165369847,0
R_ENCOAH1,-600.7928499544396,139.91716386108027,-0,0,0.23288753165369847,0
R_HPYRI,-714.2868565313199,130.21303161869633,-0,0,0.18229795274552524,0
R_PCT1,737.5597788783055,127.968022393706,-0,0,0.17350189917937517,0
R_INStr,-245.94291366271506,122.52084905855045,-0,0,0.49816783591730135,0
R_INSt2,245.94190549072124,122.52040891627615,-0,0,0.49816808840207405,0
R_HPYRRx,256.28241701106214,121.10819869553752,-0,0,0.4725575796731698,0
R_CYTTS3,-731.1558768684282,118.19040167111861,-0,0,0.1616487063980572,0
R_CYTTS1,731.1659624591813,118.18817417326522,-0,0,0.1616434301396563,0
R_SERtr,-293.82824140909014,108.95716380151688,-0,0,0.37081923534306693,0
R_SERt4,293.82590736103015,108.95616177489377,-0,0,0.3708187707254045,0
R_ADK3,40.2678541721105,102.41964063596691,-0,0,2.5434591125271013,0
R_NAt3_1g,827.2606134861712,100.47255025608467,-0,0,0.12145211390239143,0
R_3HBCDH,292.1897041795415,97.92542897747282,-0,0,0.33514332495884486,0
R_ACOADH3,-145.46004927160175,86.56591091912205,-0,0,0.595118119047842,0
R_ISOVC,145.46004927159385,86.56591091912028,-0,0,0.5951181190478622,0
R_PCT3,125.49929334952535,85.73561786759913,-0,0,0.6831561802409415,0
R_PCT2,-125.49929334952087,85.7356178675987,-0,0,0.6831561802409625,0
R_GLUt4,81.6937219277838,34.16035271790113,-0,0,0.4181515043236546,0
R_FDH2,0.1601215353950013,2.0607058640658966,-0,0,12.869635923627474,0
R_GAPD,-21.03803318128781,0.44193125863207583,-44.608385443671295,0,0.02100630105599176,-21.650227710002152
R_RPE,-8.281248943050343,0.17931854835378816,-17.586519166599672,0,0.021653563319609295,-8.525925880543436
R_FBA,-8.405881393668933,0.1739212945371308,-17.81078417444854,0,0.020690429283016447,-8.641518083998564
R_TPI,-8.430227095995729,0.17388558444254876,-17.85921350672408,0,0.02062644131201906,-8.666998670690498
R_CO2t,-49.82549991860162,0.16600397340871498,-99.95282552084335,0,0.0033317071314871004,-49.48509620490144
R_H2Ot,-100.97043072624352,0.13320314677262113,-202.17259776306054,0,0.0013192292616218374,-103.21571433502916
R_PGM,-3.0302426330884376,0.13138488538636314,-6.832953480817746,0,0.0433578763468373,-3.2333970409840607
R_XANt,-0.11201506779056347,0.1300148992946761,-0.9631196262610919,0,1.160691162886829,0
R_SUCFUMt,-0.09714714629447972,0.11704251973742151,-1.1894862636450423,0,1.2047962724775614,0
R_GUAt,-0.0956331666954017,0.09449968343768315,-0.8828466792072305,0,0.9881475925467493,0
R_TKT1,-4.069657928914289,0.09169485470383687,-8.664473495678585,0,0.022531342020752933,-4.195272080494989
R_TAh,-4.073358468755075,0.09169452651783072,-8.671871692913593,0,0.022510792315770575,-4.199165368225018
R_TKT2,-4.211413028864387,0.08771153519682824,-8.922045670920596,0,0.020827103538804355,-4.330653800048449
R_PTRCt2,-0.11908175584173132,0.086262160281653,-0.6764661312701257,0,0.7243944269372543,0
R_PUNP1,-0.15419883948363527,0.07734071462888467,-0.6452100808274791,0,0.5015648294622389,0
R_ASPTA,-0.9514149786756262,0.060324308158557785,-2.127315402531849,0,0.06340483333837091,-0.883596372846814
R_ILEtr,-0.0071437241102130355,0.051092110217638695,-0.348559207672399,0,7.152027350075682,0
R_GARFT,-0.09643981926418377,0.05018682575302258,-0.7938506493455861,0,0.5203952696711572,-0.06726227095939595
R_GLYBt2r,-0.018476020747490107,0.047795243185544484,-0.39654229119549383,0,2.586879709584504,0
R_APATr,-0.12462297633453545,0.045714732314884564,-0.4798534102517351,0,0.3668242699658275,0
R_HIStr,-0.013159990277005418,0.04531313966382558,-0.5048157278228417,0,3.4432502387939965,0
R_CHLtr,-0.03840238090665529,0.04298960192844481,-0.37047467139391277,0,1.1194514744525783,0
R_Ktr,-0.028089794241722664,0.04250331092537934,-0.4069845062244061,0,1.5131229000690871,0
R_ARGORNt7,-0.015081381265952685,0.042087585848218693,-0.3104477352565309,0,2.7906983522281528,0
R_ASNtr,-0.0326974190259665,0.04149151418383445,-0.4154690670720526,0,1.2689538018546407,0
R_LACDH,-0.037356200990740364,0.03775431966238929,-0.3115293754580584,0,1.010657365071668,0
R_DLDHD,-0.018627283703597924,0.03735324383381612,-0.2961451624257921,0,2.0052974136320914,0
R_ARBt2r,-0.04575663266797265,0.03695105214295033,-0.29244250863093585,0,0.807556194335389,0
R_ACOADH5,-0.00971739988542954,0.034877124405746716,-0.22483919735104024,0,3.5891416239895775,0
R_VALtr,-0.026591245582167057,0.03476735065244272,-0.39419678741944414,0,1.307473564749401,0
R_LEUtr,-0.023912303156554904,0.031003354174314955,-0.3044499502814753,0,1.2965440414223017,0
R_PPCSYN1,-0.015556223102577059,0.025372021372148716,-0.2665727564242723,0,1.6309885249682208,0
R_PPCSYN2,-0.015556223102577059,0.025372021372148716,-0.2665727564242723,0,1.6309885249682208,0
R_PGI,-0.011407808401775864,0.019050202353529236,-0.19544359935365416,0,1.6699265698189385,-0.0025955251533529484
R_ILETA,-0.0665820476445946,0.01621440916192587,-0.20788715338010996,0,0.24352524044433202,-0.056730764066143004
R_ACOTA,-0.09363576213602276,0.01614796313827538,-0.29955822409514,0,0.17245508307838156,-0.08453996213778173
R_AGPR,-0.09363576213602276,0.01614796313827538,-0.29955822409514,0,0.17245508307838156,-0.08453996213778173
R_PGCM,-0.006960467730377349,0.014985799684737705,-0.15503680660110292,0,2.1529874521701546,-0.0025955251533529484
R_GLUR,-0.015413623955481449,0.014266877242652787,-0.14236184827288006,0,0.9256017458229964,-0.01635835180684631
R_TYRTA,-0.04825101198487394,0.013077267492713344,-0.24124706184824293,0,0.27102576619145097,-0.044576508673656194
R_ACOADH4,-0.015477764509709257,0.01256700826974894,-0.11677601745263208,0,0.8119394930621674,0
R_PUNP2,-0.01440157062948073,0.01187015604798307,-0.08661068626768627,0,0.8242264926079849,0
R_PHETA2,-0.08014939374024749,0.007231517690531814,-0.21879981054662626,0,0.09022548210368389,-0.07971970113869768
R_IMPC,-0.07468388148266752,0.007079668524057013,-0.18760499389771373,0,0.09479513361527744,-0.06726227095939595
R_GLYt2r,-0.003693846897468841,0.002939059652745001,-0.01712484680159925,0,0.7956636358585819,0
R_PRAIZC2,-0.02798090874412567,0.002096713473609245,-0.06412529447212204,0,0.0749337161556424,-0.025919263159559707
R_DHR,-0.04338435128574361,0.002028871003329716,-0.09581287366527998,0,0.04676504184577762,-0.04222036073507675
R_ORPT,-0.04338435128574361,0.002028871003329716,-0.09581287366527998,0,0.04676504184577762,-0.04222036073507675
R_ASPSAD,-0.2672365517423956,0.0018847808046114746,-0.5469427436055073,0,0.0070528555780360516,-0.2792479709107378
R_HSDy,-0.21771965744045635,0.0017262772405506215,-0.4480921438239083,0,0.007928899304936381,-0.22785002953362665
R_ALCD2x,-6.620394478286595e-4,0.0016773244811272312,-0.012862474829290541,0,2.533571808490383,0
R_KARI,-0.21541336621660767,7.333906316168803e-4,-0.43395338967459274,0,0.0034045734695934493,-0.22532811696340455
R_MCLACTt,-5.265809747327461e-4,7.003797515581538e-4,-0.005481763435429177,0,1.3300513789234698,0
R_XTSNtr,-4.289041156932019e-4,6.745168971251755e-4,-0.006389705661527074,0,1.572651957501061,0
R_VALTA,-0.12165761538959428,6.253186929675559e-4,-0.24635453827090276,0,0.005139988080195768,-0.1273661271681054
R_CCMUCt,-4.021040605601428e-4,6.235176314113075e-4,-0.006256285531232653,0,1.550637490560849,0
R_UROCANt,-4.6042337268142566e-4,5.760211185646819e-4,-0.003987306475325609,0,1.2510683704218468,0
R_SDPTA,-0.04916529482855896,5.486934703589242e-4,-0.10345156250515825,0,0.011160178582722564,-0.05139794137711111
R_TYRtr,-3.7323772234454454e-4,5.339164420063822e-4,-0.003044497283587444,0,1.4304996790048765,0
R_IPMALD2,-0.09262494240396879,3.613866171147534e-4,-0.1869640254252719,0,0.003901612327472483,-0.09677600928930277
R_IPPMIa,-0.09262494240396879,3.613866171147534e-4,-0.1869640254252719,0,0.003901612327472483,-0.09677600928930277
R_PCNO,-0.00128418317323859,2.6672780410151494e-4,-0.003514748536984558,0,0.2077023042038873,-7.535965510377958e-4
R_PHEtr,-4.24966677229767e-4,2.6377122155135635e-4,-0.0025369967447342197,0,0.6206868342496958,0
R_TRPtr,-1.027526881778813e-4,2.3941490484921665e-4,-0.002542822412974837,0,2.3300111081741357,0
R_CLS_m,-8.31370389496281e-4,8.227968978904678e-5,-0.0019336972506116227,0,0.09896875186870585,-0.0010183073999758818
R_ALHD2,-8.499473067376997e-4,5.054363986558714e-5,-0.0019339190268887721,0,0.059466792193960435,-0.0010183073999761947
R_PGAMT,-0.10366668504454526,2.9794075320919992e-5,-0.20757987177457818,0,2.8740260487848695e-4,-0.10910339057174535
R_4HBZt,-2.4892344350611737e-5,1.909134861121146e-5,-1.4177976799717353e-4,0,0.7669566330236904,0
R_GLYCLTt2r,-2.897300414565422e-5,1.2504143584768215e-5,-7.03081485041947e-5,0,0.4315791183374322,0
R_THMPT,-0.0032485293445582326,9.336357956510788e-7,-0.006504783137510375,0,2.874026048787452e-4,-0.003418895527630878
R_12DHFD,0,0,0,0,NA,0
R_12PPDt,0,0,0,0,NA,0
R_14HPED,0,0,0,0,NA,0
R_16DCDC1,0,0,0,0,NA,0
R_16DCDC2,0,0,0,0,NA,0
R_16DCDC3,0,0,0,0,NA,0
R_16DCDC4,0,0,0,0,NA,0
R_1MNAPTH,0,0,0,0,NA,0
R_26DICH,0,0,0,0,NA,0
R_2AMBZC,0,0,0,0,NA,0
R_2BHPPPH,0,0,0,0,NA,0
R_2H3CBZP,0,0,0,0,NA,0
R_2H3MBZP,0,0,0,0,NA,0
R_2H4HMBZP,0,0,0,0,NA,0
R_2HBAt,0,0,0,0,NA,0
R_2HCHCCOA,0,0,0,0,NA,0
R_2HISOPD,0,0,0,0,NA,0
R_2HOHPHDB,0,0,0,0,NA,0
R_2HOHPHODB,0,0,0,0,NA,0
R_2HPAC,0,0,0,0,NA,0
R_2KCHCCH,0,0,0,0,NA,0
R_2MNAPTH,0,0,0,0,NA,0
R_2NAPTCT,0,0,0,0,NA,0
R_2PGt,0,0,0,0,NA,0
R_34DHBt,0,0,0,0,NA,0
R_34DHDHF,0,0,0,0,NA,0
R_34DHFD,0,0,0,0,NA,0
R_3HBD,0,0,0,0,NA,0
R_3HBZOR,0,0,0,0,NA,0
R_3HBZt,0,0,0,0,NA,0
R_3HCINNMH,0,0,0,0,NA,0
R_3HPPPNH,0,0,0,0,NA,0
R_3IPPMD1,0,0,0,0,NA,0
R_3IPPMD2,0,0,0,0,NA,0
R_3PGt,0,0,0,0,NA,0
R_4CRESOLD,0,0,0,0,NA,0
R_4CRESOLt,0,0,0,0,NA,0
R_4ETHPMH,0,0,0,0,NA,0
R_4FLRBZt,0,0,0,0,NA,0
R_4FLTHRt,0,0,0,0,NA,0
R_4HBTD,0,0,0,0,NA,0
R_4HBTt,0,0,0,0,NA,0
R_4HBZCT,0,0,0,0,NA,0
R_4HBZDC,0,0,0,0,NA,0
R_4HPHEA1,0,0,0,0,NA,0
R_4HPHEA2,0,0,0,0,NA,0
R_4HPHEACt,0,0,0,0,NA,0
R_4HPHEAO,0,0,0,0,NA,0
R_4HPHED2,0,0,0,0,NA,0
R_4HTHRS,0,0,0,0,NA,0
R_4NOXDR,0,0,0,0,NA,0
R_4NPHPP,0,0,0,0,NA,0
R_6CHQD,0,0,0,0,NA,0
R_6CHQt,0,0,0,0,NA,0
R_6PYRTP,0,0,0,0,NA,0
R_AAATT,0,0,0,0,NA,0
R_AACTOOR,0,0,0,0,NA,0
R_ABTA,0,0,0,0,NA,0
R_AC4HB,0,0,0,0,NA,0
R_ACACt2,0,0,0,0,NA,0
R_ACALDt,0,0,0,0,NA,0
R_ACBIPGT,0,0,0,0,NA,0
R_ACCOAA1,0,0,0,0,NA,0
R_ACCOAA2,0,0,0,0,NA,0
R_ACCOAA3,0,0,0,0,NA,0
R_ACDH1,0,0,0,0,NA,0
R_ACDH2,0,0,0,0,NA,0
R_ACDH3,0,0,0,0,NA,0
R_ACDH4,0,0,0,0,NA,0
R_ACDH5,0,0,0,0,NA,0
R_ACDH6,0,0,0,0,NA,0
R_ACDH7,0,0,0,0,NA,0
R_ACDH8,0,0,0,0,NA,0
R_ACFM2,0,0,0,0,NA,0
R_ACGApts,0,0,0,0,NA,0
R_ACLDc,0,0,0,0,NA,0
R_ACLDn,0,0,0,0,NA,0
R_ACMANAPP,0,0,0,0,NA,0
R_ACMANApts,0,0,0,0,NA,0
R_ACMSD,0,0,0,0,NA,0
R_ACNAMt2,0,0,0,0,NA,0
R_ACOADG,0,0,0,0,NA,0
R_ACOADH1,0,0,0,0,NA,0
R_ACONCt,0,0,0,0,NA,0
R_ACPCD,0,0,0,0,NA,0
R_ACPS1,0,0,0,0,NA,0
R_ACPYRH,0,0,0,0,NA,0
R_ACt2r,0,0,0,0,NA,0
R_ACTF2,0,0,0,0,NA,0
R_ACTF3,0,0,0,0,NA,0
R_ACTF4,0,0,0,0,NA,0
R_ACTF5,0,0,0,0,NA,0
R_ADCOBNSYN,0,0,0,0,NA,0
R_ADEtr,0,0,0,0,NA,0
R_ADHC2,0,0,0,0,NA,0
R_ADHEr,0,0,0,0,NA,0
R_ADIPL,0,0,0,0,NA,0
R_ADIPt,0,0,0,0,NA,0
R_ADNCYC,0,0,0,0,NA,0
R_ADNCYC1,0,0,0,0,NA,0
R_ADOCBIK,0,0,0,0,NA,0
R_ADOCBLS,0,0,0,0,NA,0
R_ADPRDP,0,0,0,0,NA,0
R_ADPRT2,0,0,0,0,NA,0
R_ADSLFK2,0,0,0,0,NA,0
R_AGDC,0,0,0,0,NA,0
R_AHCYSNS,0,0,0,0,NA,0
R_AHSERL4,0,0,0,0,NA,0
R_ALATRS,0,0,0,0,NA,0
R_ALCDd,0,0,0,0,NA,0
R_ALCDH_pqq_x,0,0,0,0,NA,0
R_ALCDt,0,0,0,0,NA,0
R_ALDD19xr,0,0,0,0,NA,0
R_ALDD4,0,0,0,0,NA,0
R_ALDH,0,0,0,0,NA,0
R_ALHD10,0,0,0,0,NA,0
R_ALHD11,0,0,0,0,NA,0
R_ALHD12,0,0,0,0,NA,0
R_ALHD13,0,0,0,0,NA,0
R_ALHD14,0,0,0,0,NA,0
R_ALHD15,0,0,0,0,NA,0
R_ALHD16,0,0,0,0,NA,0
R_ALHD5,0,0,0,0,NA,0
R_ALHD6,0,0,0,0,NA,0
R_ALHD7,0,0,0,0,NA,0
R_ALHD8,0,0,0,0,NA,0
R_ALHD9,0,0,0,0,NA,0
R_ALLTC,0,0,0,0,NA,0
R_ALLTNt2r,0,0,0,0,NA,0
R_ALPHNH,0,0,0,0,NA,0
R_ALPNIT,0,0,0,0,NA,0
R_ALR2,0,0,0,0,NA,0
R_ALRTs,0,0,0,0,NA,0
R_ALRTx,0,0,0,0,NA,0
R_ALTRH,0,0,0,0,NA,0
R_AMAA,0,0,0,0,NA,0
R_AMALT1,0,0,0,0,NA,0
R_AMALT2,0,0,0,0,NA,0
R_AMALT3,0,0,0,0,NA,0
R_AMALT4,0,0,0,0,NA,0
R_AMAOTr,0,0,0,0,NA,0
R_AMDS2,0,0,0,0,NA,0
R_AMDS3,0,0,0,0,NA,0
R_AMDS6,0,0,0,0,NA,0
R_AMID2,0,0,0,0,NA,0
R_ANOXDR,0,0,0,0,NA,0
R_ANt,0,0,0,0,NA,0
R_ANTHMN1,0,0,0,0,NA,0
R_ANTHMN2,0,0,0,0,NA,0
R_ANTOXDR,0,0,0,0,NA,0
R_AOBUTDs,0,0,0,0,NA,0
R_AOBZACt,0,0,0,0,NA,0
R_AOXSr,0,0,0,0,NA,0
R_APPS3,0,0,0,0,NA,0
R_ARGTRS,0,0,0,0,NA,0
R_ASCBptspp,0,0,0,0,NA,0
R_ASNTRS,0,0,0,0,NA,0
R_ASPAM1,0,0,0,0,NA,0
R_ASPAM2,0,0,0,0,NA,0
R_ASPAM3,0,0,0,0,NA,0
R_ASPAM4,0,0,0,0,NA,0
R_ASPR,0,0,0,0,NA,0
R_ASPTRS,0,0,0,0,NA,0
R_BACCL,0,0,0,0,NA,0
R_BAPT2,0,0,0,0,NA,0
R_BETALDDH1,0,0,0,0,NA,0
R_BETALDHx,0,0,0,0,NA,0
R_BHMT,0,0,0,0,NA,0
R_BIPHED1,0,0,0,0,NA,0
R_BIPHED2,0,0,0,0,NA,0
R_BKACPS1,0,0,0,0,NA,0
R_BKAR2,0,0,0,0,NA,0
R_BNTP,0,0,0,0,NA,0
R_BP23Dt,0,0,0,0,NA,0
R_BPDDO,0,0,0,0,NA,0
R_BPHEDO1,0,0,0,0,NA,0
R_BPHEDO2,0,0,0,0,NA,0
R_BPHEHA,0,0,0,0,NA,0
R_BPHEHB,0,0,0,0,NA,0
R_BTCAL,0,0,0,0,NA,0
R_BTPT1,0,0,0,0,NA,0
R_BTPT3,0,0,0,0,NA,0
R_BTS4,0,0,0,0,NA,0
R_BUDPP1,0,0,0,0,NA,0
R_BUPN,0,0,0,0,NA,0
R_BUTNt,0,0,0,0,NA,0
R_BUTt2r,0,0,0,0,NA,0
R_BZ12DOX,0,0,0,0,NA,0
R_BZACCOAT,0,0,0,0,NA,0
R_BZALDD1,0,0,0,0,NA,0
R_BZALDD2,0,0,0,0,NA,0
R_BZALDD3,0,0,0,0,NA,0
R_BZALDD4,0,0,0,0,NA,0
R_BZALDD5,0,0,0,0,NA,0
R_BZALt,0,0,0,0,NA,0
R_BZFORCL1,0,0,0,0,NA,0
R_BZFORCL2,0,0,0,0,NA,0
R_BZOTCOA,0,0,0,0,NA,0
R_BZOTD1,0,0,0,0,NA,0
R_BZOTD1p,0,0,0,0,NA,0
R_BZOTD3,0,0,0,0,NA,0
R_BZOTD4,0,0,0,0,NA,0
R_BZOTD5,0,0,0,0,NA,0
R_BZOTD7,0,0,0,0,NA,0
R_C181t,0,0,0,0,NA,0
R_C23DDT1,0,0,0,0,NA,0
R_C23DDTp,0,0,0,0,NA,0
R_CADVt,0,0,0,0,NA,0
R_CARHM1,0,0,0,0,NA,0
R_CARHM2,0,0,0,0,NA,0
R_CARSA,0,0,0,0,NA,0
R_CATCHD1,0,0,0,0,NA,0
R_CATCHD2,0,0,0,0,NA,0
R_CATCHD3,0,0,0,0,NA,0
R_CATCHD4,0,0,0,0,NA,0
R_CATCHD6,0,0,0,0,NA,0
R_CATCHDG1,0,0,0,0,NA,0
R_CATCHDG2,0,0,0,0,NA,0
R_CATCHDG3,0,0,0,0,NA,0
R_CATCHDG4,0,0,0,0,NA,0
R_CATCHDG6,0,0,0,0,NA,0
R_CATCHDG7,0,0,0,0,NA,0
R_CATECHt,0,0,0,0,NA,0
R_CATL,0,0,0,0,NA,0
R_CATOCS,0,0,0,0,NA,0
R_CBIAT,0,0,0,0,NA,0
R_CBIAT1,0,0,0,0,NA,0
R_CBL,0,0,0,0,NA,0
R_CBL1abc,0,0,0,0,NA,0
R_CCHCCOAL,0,0,0,0,NA,0
R_CCHNM1,0,0,0,0,NA,0
R_CCHNM2,0,0,0,0,NA,0
R_CCPAMAH,0,0,0,0,NA,0
R_CCPPAMD,0,0,0,0,NA,0
R_CCPPCCOAL,0,0,0,0,NA,0
R_CCPPMD,0,0,0,0,NA,0
R_CDPGD,0,0,0,0,NA,0
R_CGS_m,0,0,0,0,NA,0
R_CHCOAL,0,0,0,0,NA,0
R_CHOLD,0,0,0,0,NA,0
R_CHOLD1,0,0,0,0,NA,0
R_CINNDO,0,0,0,0,NA,0
R_CITNCL,0,0,0,0,NA,0
R_CLt,0,0,0,0,NA,0
R_CMBLD1,0,0,0,0,NA,0
R_CMBLD2,0,0,0,0,NA,0
R_CMBLD3,0,0,0,0,NA,0
R_CMBLD4,0,0,0,0,NA,0
R_CMBLD5,0,0,0,0,NA,0
R_CMBLD6,0,0,0,0,NA,0
R_CMBLD7,0,0,0,0,NA,0
R_CNTOB,0,0,0,0,NA,0
R_COBALTt5,0,0,0,0,NA,0
R_COBBP1,0,0,0,0,NA,0
R_COBBP2,0,0,0,0,NA,0
R_CRNabc,0,0,0,0,NA,0
R_CRNBTCT,0,0,0,0,NA,0
R_CRNCDH,0,0,0,0,NA,0
R_CRNt7,0,0,0,0,NA,0
R_CRTNh,0,0,0,0,NA,0
R_CSND,0,0,0,0,NA,0
R_CSNt2,0,0,0,0,NA,0
R_CTBTCRNCT,0,0,0,0,NA,0
R_CYNL,0,0,0,0,NA,0
R_CYNTt2,0,0,0,0,NA,0
R_CYSabc,0,0,0,0,NA,0
R_CYSGS2,0,0,0,0,NA,0
R_CYSSADS,0,0,0,0,NA,0
R_CYSST4,0,0,0,0,NA,0
R_CYSTBL2,0,0,0,0,NA,0
R_CYSTRS,0,0,0,0,NA,0
R_CYTDA,0,0,0,0,NA,0
R_CYTK2,0,0,0,0,NA,0
R_DABOT,0,0,0,0,NA,0
R_DADK,0,0,0,0,NA,0
R_DADNt2,0,0,0,0,NA,0
R_DAPabc,0,0,0,0,NA,0
R_DATA2,0,0,0,0,NA,0
R_DBTS,0,0,0,0,NA,0
R_DCMPDA,0,0,0,0,NA,0
R_DCYTt2,0,0,0,0,NA,0
R_DDGD,0,0,0,0,NA,0
R_DDGLK,0,0,0,0,NA,0
R_DGK1,0,0,0,0,NA,0
R_DGSNt2,0,0,0,0,NA,0
R_DHAt,0,0,0,0,NA,0
R_DHEDAA,0,0,0,0,NA,0
R_DHHED1,0,0,0,0,NA,0
R_DHPD,0,0,0,0,NA,0
R_DHPMD,0,0,0,0,NA,0
R_DHRT_2mbcoa,0,0,0,0,NA,0
R_DHRT_ibcoa,0,0,0,0,NA,0
R_DHRT_ivcoa,0,0,0,0,NA,0
R_DINSt2,0,0,0,0,NA,0
R_DLACt,0,0,0,0,NA,0
R_DSERt2,0,0,0,0,NA,0
R_DTO4CH,0,0,0,0,NA,0
R_DURIPP,0,0,0,0,NA,0
R_DURIt2,0,0,0,0,NA,0
R_ENCOAH3,0,0,0,0,NA,0
R_ENCOAH4,0,0,0,0,NA,0
R_ENCOAH5,0,0,0,0,NA,0
R_ENCOAH6,0,0,0,0,NA,0
R_ENCOAH7,0,0,0,0,NA,0
R_ENCOAR,0,0,0,0,NA,0
R_ESTLP,0,0,0,0,NA,0
R_F26BP,0,0,0,0,NA,0
R_FALDH,0,0,0,0,NA,0
R_FAMC120,0,0,0,0,NA,0
R_FAMC140,0,0,0,0,NA,0
R_FAMC141,0,0,0,0,NA,0
R_FAMC150,0,0,0,0,NA,0
R_FAMC151,0,0,0,0,NA,0
R_FAMC160,0,0,0,0,NA,0
R_FAMC161,0,0,0,0,NA,0
R_FAMC170,0,0,0,0,NA,0
R_FAMC171,0,0,0,0,NA,0
R_FAMC180,0,0,0,0,NA,0
R_FAMC181,0,0,0,0,NA,0
R_FAMC190,0,0,0,0,NA,0
R_FBMO10,0,0,0,0,NA,0
R_FBMO11,0,0,0,0,NA,0
R_FBMO12,0,0,0,0,NA,0
R_FBMO13,0,0,0,0,NA,0
R_FBMO14,0,0,0,0,NA,0
R_FBMO15,0,0,0,0,NA,0
R_FBMO15p,0,0,0,0,NA,0
R_FBMO2,0,0,0,0,NA,0
R_FBMO3,0,0,0,0,NA,0
R_FBMO5,0,0,0,0,NA,0
R_FBMO6,0,0,0,0,NA,0
R_FBMO7,0,0,0,0,NA,0
R_FBMO8,0,0,0,0,NA,0
R_FBMO9,0,0,0,0,NA,0
R_FDFT1,0,0,0,0,NA,0
R_FDFT2,0,0,0,0,NA,0
R_FEabc,0,0,0,0,NA,0
R_FLALDO,0,0,0,0,NA,0
R_FLALDTHR,0,0,0,0,NA,0
R_FLBZDD,0,0,0,0,NA,0
R_FLVR,0,0,0,0,NA,0
R_FLVRx,0,0,0,0,NA,0
R_FMETDF,0,0,0,0,NA,0
R_FMETTRS,0,0,0,0,NA,0
R_FORA,0,0,0,0,NA,0
R_FPGLUS2,0,0,0,0,NA,0
R_FRUabc,0,0,0,0,NA,0
R_FRUP,0,0,0,0,NA,0
R_FRUpts,0,0,0,0,NA,0
R_FRUpts2,0,0,0,0,NA,0
R_FTOLAM,0,0,0,0,NA,0
R_FUCPt6_2,0,0,0,0,NA,0
R_FUCt,0,0,0,0,NA,0
R_G1PCYTF,0,0,0,0,NA,0
R_G1PTT,0,0,0,0,NA,0
R_G5TDPDP,0,0,0,0,NA,0
R_G6Pt6_2,0,0,0,0,NA,0
R_GALCTD,0,0,0,0,NA,0
R_GALCTNt2r,0,0,0,0,NA,0
R_GALCTtr,0,0,0,0,NA,0
R_GALTpts,0,0,0,0,NA,0
R_GAMpts,0,0,0,0,NA,0
R_GENDO,0,0,0,0,NA,0
R_GENt,0,0,0,0,NA,0
R_GERCT,0,0,0,0,NA,0
R_GGMT1,0,0,0,0,NA,0
R_GGMT2,0,0,0,0,NA,0
R_GLBRAN2,0,0,0,0,NA,0
R_GLCNt2r,0,0,0,0,NA,0
R_GLCNtr,0,0,0,0,NA,0
R_GLCP,0,0,0,0,NA,0
R_GLCRD,0,0,0,0,NA,0
R_GLCRDH,0,0,0,0,NA,0
R_GLCURt2r,0,0,0,0,NA,0
R_GLNabc,0,0,0,0,NA,0
R_GLNTRS,0,0,0,0,NA,0
R_GLTN1,0,0,0,0,NA,0
R_GLTN2,0,0,0,0,NA,0
R_GLTN3,0,0,0,0,NA,0
R_GLTPD,0,0,0,0,NA,0
R_GLUCD1,0,0,0,0,NA,0
R_GLUCD2,0,0,0,0,NA,0
R_GLUN2,0,0,0,0,NA,0
R_GLXt,0,0,0,0,NA,0
R_GLYALDt,0,0,0,0,NA,0
R_GLYAT,0,0,0,0,NA,0
R_GLYC3Pabc,0,0,0,0,NA,0
R_GLYC3Pt6,0,0,0,0,NA,0
R_GLYCt,0,0,0,0,NA,0
R_GLYOX,0,0,0,0,NA,0
R_GLYTRS,0,0,0,0,NA,0
R_GMAND,0,0,0,0,NA,0
R_GNK,0,0,0,0,NA,0
R_GOX,0,0,0,0,NA,0
R_GPDDA1,0,0,0,0,NA,0
R_GPDDA2,0,0,0,0,NA,0
R_GPDDA3,0,0,0,0,NA,0
R_GPDDA4,0,0,0,0,NA,0
R_GPDDA5,0,0,0,0,NA,0
R_GSDH,0,0,0,0,NA,0
R_GSNt2,0,0,0,0,NA,0
R_GSPMDS,0,0,0,0,NA,0
R_GTADT1,0,0,0,0,NA,0
R_GTADT2,0,0,0,0,NA,0
R_GTHPe,0,0,0,0,NA,0
R_GTPDPK,0,0,0,0,NA,0
R_HACD2,0,0,0,0,NA,0
R_HACD4,0,0,0,0,NA,0
R_HACD5,0,0,0,0,NA,0
R_HACDH,0,0,0,0,NA,0
R_HACDHG,0,0,0,0,NA,0
R_HATRAZE1,0,0,0,0,NA,0
R_HATRAZE2,0,0,0,0,NA,0
R_HBDH,0,0,0,0,NA,0
R_HCINNMt2r,0,0,0,0,NA,0
R_HDCAt2,0,0,0,0,NA,0
R_HETZK,0,0,0,0,NA,0
R_HEXf,0,0,0,0,NA,0
R_HEXTT,0,0,0,0,NA,0
R_HIBDkt,0,0,0,0,NA,0
R_HIBHrm,0,0,0,0,NA,0
R_HISTRS,0,0,0,0,NA,0
R_HMR_0629,0,0,0,0,NA,0
R_HMR_7756,0,0,0,0,NA,0
R_HMSALD1,0,0,0,0,NA,0
R_HMSALD2,0,0,0,0,NA,0
R_HOGAD,0,0,0,0,NA,0
R_HPPH,0,0,0,0,NA,0
R_HPPPNt2r,0,0,0,0,NA,0
R_HXMGL,0,0,0,0,NA,0
R_HYDRTS,0,0,0,0,NA,0
R_HYXNt,0,0,0,0,NA,0
R_ICITt,0,0,0,0,NA,0
R_ICL,0,0,0,0,NA,0
R_IDONt2r,0,0,0,0,NA,0
R_IDPD,0,0,0,0,NA,0
R_ILETRS,0,0,0,0,NA,0
R_IMLTAP,0,0,0,0,NA,0
R_IMP,0,0,0,0,NA,0
R_INDOLEt2r,0,0,0,0,NA,0
R_IPPMD,0,0,0,0,NA,0
R_KAS14,0,0,0,0,NA,0
R_KNAKGT,0,0,0,0,NA,0
R_KNt,0,0,0,0,NA,0
R_KNTt,0,0,0,0,NA,0
R_KPENH,0,0,0,0,NA,0
R_KYNATESYN,0,0,0,0,NA,0
R_KYNRN3,0,0,0,0,NA,0
R_L__LACD4,0,0,0,0,NA,0
R_LAAO6,0,0,0,0,NA,0
R_LALDO2x,0,0,0,0,NA,0
R_LCADi,0,0,0,0,NA,0
R_LCARR,0,0,0,0,NA,0
R_LCTSt,0,0,0,0,NA,0
R_LDH_L,0,0,0,0,NA,0
R_LEUD1,0,0,0,0,NA,0
R_LEUTRS,0,0,0,0,NA,0
R_LGTHL,0,0,0,0,NA,0
R_LLACtr,0,0,0,0,NA,0
R_LYSTRS,0,0,0,0,NA,0
R_MAAMPT,0,0,0,0,NA,0
R_MACR1,0,0,0,0,NA,0
R_MACR2,0,0,0,0,NA,0
R_MACR3,0,0,0,0,NA,0
R_MACR4,0,0,0,0,NA,0
R_MACR4p,0,0,0,0,NA,0
R_MALDDH,0,0,0,0,NA,0
R_MALEAI,0,0,0,0,NA,0
R_MALPYRI,0,0,0,0,NA,0
R_MALt2_2,0,0,0,0,NA,0
R_MALt2_3,0,0,0,0,NA,0
R_MALTHXabc,0,0,0,0,NA,0
R_MALTPTabc,0,0,0,0,NA,0
R_MALTTRabc,0,0,0,0,NA,0
R_MALTTTRabc,0,0,0,0,NA,0
R_MAN1PT2,0,0,0,0,NA,0
R_MAN6PI,0,0,0,0,NA,0
R_MAN6Pt6_2,0,0,0,0,NA,0
R_MANpts,0,0,0,0,NA,0
R_MCCIS1,0,0,0,0,NA,0
R_MCCIS2,0,0,0,0,NA,0
R_MCCIS4,0,0,0,0,NA,0
R_MCCIS5,0,0,0,0,NA,0
R_MCITD,0,0,0,0,NA,0
R_MCITL2,0,0,0,0,NA,0
R_MCITS,0,0,0,0,NA,0
R_MDH2,0,0,0,0,NA,0
R_MELIBt2,0,0,0,0,NA,0
R_METabc,0,0,0,0,NA,0
R_METDabc,0,0,0,0,NA,0
R_METTHFD,0,0,0,0,NA,0
R_METTRS,0,0,0,0,NA,0
R_METTRSS,0,0,0,0,NA,0
R_MG2t,0,0,0,0,NA,0
R_MGSA,0,0,0,0,NA,0
R_MICITDr,0,0,0,0,NA,0
R_MLTGCT,0,0,0,0,NA,0
R_MMCS,0,0,0,0,NA,0
R_MME,0,0,0,0,NA,0
R_MMM,0,0,0,0,NA,0
R_MMSAD1m,0,0,0,0,NA,0
R_MNAO10,0,0,0,0,NA,0
R_MNAO11,0,0,0,0,NA,0
R_MNAO12,0,0,0,0,NA,0
R_MNAO13,0,0,0,0,NA,0
R_MNAO14,0,0,0,0,NA,0
R_MNAO15,0,0,0,0,NA,0
R_MNAO2,0,0,0,0,NA,0
R_MNAO3,0,0,0,0,NA,0
R_MNAO4,0,0,0,0,NA,0
R_MNAO5,0,0,0,0,NA,0
R_MNAO6,0,0,0,0,NA,0
R_MNAO7,0,0,0,0,NA,0
R_MNAO8,0,0,0,0,NA,0
R_MNAO9,0,0,0,0,NA,0
R_MNLpts,0,0,0,0,NA,0
R_MOBDabc,0,0,0,0,NA,0
R_NACt,0,0,0,0,NA,0
R_NAMNPP,0,0,0,0,NA,0
R_NAPMSCD,0,0,0,0,NA,0
R_NHFRBO,0,0,0,0,NA,0
R_NITL1,0,0,0,0,NA,0
R_NITL2,0,0,0,0,NA,0
R_NITL4,0,0,0,0,NA,0
R_NITL5,0,0,0,0,NA,0
R_NITORT,0,0,0,0,NA,0
R_NITOXDR,0,0,0,0,NA,0
R_NITRDT1,0,0,0,0,NA,0
R_NITRDT1p,0,0,0,0,NA,0
R_NITRDT2,0,0,0,0,NA,0
R_NMNP,0,0,0,0,NA,0
R_NMNt7,0,0,0,0,NA,0
R_NNAM,0,0,0,0,NA,0
R_NNDMBRT,0,0,0,0,NA,0
R_NO2t2r,0,0,0,0,NA,0
R_NO3t7,0,0,0,0,NA,0
R_NPHS,0,0,0,0,NA,0
R_NPPDO,0,0,0,0,NA,0
R_NT5C,0,0,0,0,NA,0
R_NTD1,0,0,0,0,NA,0
R_NTD13,0,0,0,0,NA,0
R_NTD3,0,0,0,0,NA,0
R_NTD6,0,0,0,0,NA,0
R_NTD8,0,0,0,0,NA,0
R_NTPPD2,0,0,0,0,NA,0
R_NTPPD3,0,0,0,0,NA,0
R_NTPPD4,0,0,0,0,NA,0
R_NTPPD5,0,0,0,0,NA,0
R_NTPPD6,0,0,0,0,NA,0
R_NTPPD7,0,0,0,0,NA,0
R_NTPPD8,0,0,0,0,NA,0
R_NTPPD9,0,0,0,0,NA,0
R_NTPTP1,0,0,0,0,NA,0
R_NTRIR2x,0,0,0,0,NA,0
R_NTRLASE,0,0,0,0,NA,0
R_NUDPK9,0,0,0,0,NA,0
R_OAHSL1,0,0,0,0,NA,0
R_OBUTt,0,0,0,0,NA,0
R_OCDCAt2,0,0,0,0,NA,0
R_OGDH1,0,0,0,0,NA,0
R_OGDH2,0,0,0,0,NA,0
R_OGDH3,0,0,0,0,NA,0
R_OTO4BZ,0,0,0,0,NA,0
R_OXCTD1,0,0,0,0,NA,0
R_OXGDC2,0,0,0,0,NA,0
R_P5PPR,0,0,0,0,NA,0
R_PAAD1,0,0,0,0,NA,0
R_PAAD2,0,0,0,0,NA,0
R_PAAD3,0,0,0,0,NA,0
R_PAAD4,0,0,0,0,NA,0
R_PAAD5,0,0,0,0,NA,0
R_PAAD6,0,0,0,0,NA,0
R_PAAD8,0,0,0,0,NA,0
R_PAAD9,0,0,0,0,NA,0
R_PACCOAL,0,0,0,0,NA,0
R_PACt,0,0,0,0,NA,0
R_PAPSR2,0,0,0,0,NA,0
R_PDX5PSa,0,0,0,0,NA,0
R_PDX5PSb,0,0,0,0,NA,0
R_PGLYCP,0,0,0,0,NA,0
R_PHACA,0,0,0,0,NA,0
R_PHBD,0,0,0,0,NA,0
R_PHE2MO1,0,0,0,0,NA,0
R_PHE2MO2,0,0,0,0,NA,0
R_PHE2MO3,0,0,0,0,NA,0
R_PHE2MO4,0,0,0,0,NA,0
R_PHE2MO5,0,0,0,0,NA,0
R_PHEA4H,0,0,0,0,NA,0
R_PHENOLt,0,0,0,0,NA,0
R_PHETA1,0,0,0,0,NA,0
R_PHETRS,0,0,0,0,NA,0
R_PHOXDR,0,0,0,0,NA,0
R_PLIPASA1C,0,0,0,0,NA,0
R_PLIPASA1C_Nlimit,0,0,0,0,NA,0
R_PLIPASA1E,0,0,0,0,NA,0
R_PLIPASA1E_Nlimit,0,0,0,0,NA,0
R_PLIPASA1S,0,0,0,0,NA,0
R_PLIPASA1S_Nlimit,0,0,0,0,NA,0
R_PMANM,0,0,0,0,NA,0
R_PMCOAD,0,0,0,0,NA,0
R_PNTOK2,0,0,0,0,NA,0
R_PNTOK3,0,0,0,0,NA,0
R_PNTOt4,0,0,0,0,NA,0
R_POX,0,0,0,0,NA,0
R_PPAt,0,0,0,0,NA,0
R_PPCOAC,0,0,0,0,NA,0
R_PPG2DG,0,0,0,0,NA,0
R_PPG2DGp,0,0,0,0,NA,0
R_PPLCc,0,0,0,0,NA,0
R_PPLCe,0,0,0,0,NA,0
R_PPPNDO,0,0,0,0,NA,0
R_PPPNt2r,0,0,0,0,NA,0
R_PROAKGOX1,0,0,0,0,NA,0
R_PROTCC2,0,0,0,0,NA,0
R_PROTCD,0,0,0,0,NA,0
R_PROTCDp,0,0,0,0,NA,0
R_PROTRS,0,0,0,0,NA,0
R_PSUDS,0,0,0,0,NA,0
R_PUNP4,0,0,0,0,NA,0
R_PYDXNO,0,0,0,0,NA,0
R_PYDXO_1,0,0,0,0,NA,0
R_PYRtr,0,0,0,0,NA,0
R_QDPQ1,0,0,0,0,NA,0
R_QDPQ2,0,0,0,0,NA,0
R_R15BPK,0,0,0,0,NA,0
R_R3HBNt,0,0,0,0,NA,0
R_RIBabc,0,0,0,0,NA,0
R_RMNt,0,0,0,0,NA,0
R_RZ5PP,0,0,0,0,NA,0
R_SADMET,0,0,0,0,NA,0
R_SADT2,0,0,0,0,NA,0
R_SALCH1,0,0,0,0,NA,0
R_SALCH2,0,0,0,0,NA,0
R_SALCH3,0,0,0,0,NA,0
R_SALCH4,0,0,0,0,NA,0
R_SALCH5,0,0,0,0,NA,0
R_SBTpts,0,0,0,0,NA,0
R_SCCNAPS,0,0,0,0,NA,0
R_SELNPS,0,0,0,0,NA,0
R_SERDHT2,0,0,0,0,NA,0
R_SERTRS,0,0,0,0,NA,0
R_SHCHCC,0,0,0,0,NA,0
R_SLCYSS,0,0,0,0,NA,0
R_SPMDabc,0,0,0,0,NA,0
R_SPMS,0,0,0,0,NA,0
R_SPMS3,0,0,0,0,NA,0
R_SSALy,0,0,0,0,NA,0
R_SUCCS,0,0,0,0,NA,0
R_SULabc,0,0,0,0,NA,0
R_SULALDAC,0,0,0,0,NA,0
R_SULFR,0,0,0,0,NA,0
R_TAGL1,0,0,0,0,NA,0
R_TAGL1_Nlimit,0,0,0,0,NA,0
R_TAGL2,0,0,0,0,NA,0
R_TAGL2_Nlimit,0,0,0,0,NA,0
R_TARTRt7,0,0,0,0,NA,0
R_TAUDO,0,0,0,0,NA,0
R_TAURabc,0,0,0,0,NA,0
R_TDPDRE,0,0,0,0,NA,0
R_TDPDRR,0,0,0,0,NA,0
R_TDPGDH,0,0,0,0,NA,0
R_THIOLS,0,0,0,0,NA,0
R_THMabc,0,0,0,0,NA,0
R_THRA,0,0,0,0,NA,0
R_THRAD2,0,0,0,0,NA,0
R_THRD,0,0,0,0,NA,0
R_THRTRS,0,0,0,0,NA,0
R_TMDPP,0,0,0,0,NA,0
R_TOCHECK,0,0,0,0,NA,0
R_TOLabc,0,0,0,0,NA,0
R_TRPS1,0,0,0,0,NA,0
R_TRPTRS,0,0,0,0,NA,0
R_TSULabc,0,0,0,0,NA,0
R_TTDCAt2,0,0,0,0,NA,0
R_TYRTM,0,0,0,0,NA,0
R_TYRTRS,0,0,0,0,NA,0
R_UBQBM,0,0,0,0,NA,0
R_UDPG4E,0,0,0,0,NA,0
R_UDPG4E1,0,0,0,0,NA,0
R_UDPGD,0,0,0,0,NA,0
R_UGLYCH,0,0,0,0,NA,0
R_UMBM1,0,0,0,0,NA,0
R_UMBM2,0,0,0,0,NA,0
R_UNSMONO,0,0,0,0,NA,0
R_UPP3MT,0,0,0,0,NA,0
R_UPPDC2,0,0,0,0,NA,0
R_UPPRT,0,0,0,0,NA,0
R_UREAt,0,0,0,0,NA,0
R_VALTRS,0,0,0,0,NA,0
R_XAND,0,0,0,0,NA,0
